batch_id,batch_seq,entry_id,headword,headword_norm,meaning_ja_short,pos_current,pos_label_ja,pos_secondary,pos_candidates,pos_confidence,pos_score_margin,is_multi_pos,pos_evidence,stage,stage_label,grade_bucket_default_label,grade_bucket_standard_label,source_count,source_books,review_priority,review_score,review_reason,jp_hint_pos,jp_hint_pos_label_ja,suggested_pos_auto,suggested_pos_auto_label_ja,suggested_reason,decision_pos,decision_pos_label_ja,decision_reason,reviewer,status,prefill_rule,is_prefilled,global_rank
BATCH_04,4,WB011442,heel,heel,かかと,noun,名詞,,noun:1,45,42.42,False,fallback_noun,4,HS_Advanced,高3最難関(速習),高3発展(標準),1,鉄緑会 東大英単語熟語 鉄壁,HIGH,8,low_confidence(<60) | weak_evidence:fallback_noun | advanced_stage,,,,,,noun,名詞,prefill_keep_current_noun_margin1_sources1,auto_prefill,done,keep_current_noun_margin1_sources1,True,778
BATCH_04,4,WB011449,hefty,hefty,重々しい、がっしりした,noun,名詞,,noun:1,45,42.42,False,fallback_noun,4,HS_Advanced,高3最難関(速習),高3発展(標準),1,TOEFLテスト英単語3800,HIGH,8,low_confidence(<60) | weak_evidence:fallback_noun | advanced_stage,,,,,,noun,名詞,prefill_keep_current_noun_margin1_sources1,auto_prefill,done,keep_current_noun_margin1_sources1,True,779
BATCH_04,4,WB008894,hegemony,hegemony,覇権（主導権）,noun,名詞,,noun:1,45,42.42,False,fallback_noun,4,HS_Advanced,高2発展(速習),高3発展(標準),1,話題別英単語リンガメタリカ,HIGH,8,low_confidence(<60) | weak_evidence:fallback_noun | advanced_stage,,,,,,noun,名詞,prefill_keep_current_noun_margin1_sources1,auto_prefill,done,keep_current_noun_margin1_sources1,True,780
BATCH_04,4,WB008901,hemp,hemp,麻、大麻,noun,名詞,,noun:1,45,42.42,False,fallback_noun,4,HS_Advanced,高2発展(速習),高3発展(標準),1,英検準1級単熟語EX 第2版,HIGH,8,low_confidence(<60) | weak_evidence:fallback_noun | advanced_stage,,,,,,noun,名詞,prefill_keep_current_noun_margin1_sources1,auto_prefill,done,keep_current_noun_margin1_sources1,True,781
BATCH_04,4,WB011453,heyday,heyday,全盛期、最盛期,noun,名詞,,noun:1,45,42.42,False,fallback_noun,4,HS_Advanced,高3最難関(速習),高3発展(標準),1,TOEFLテスト英単語3800,HIGH,8,low_confidence(<60) | weak_evidence:fallback_noun | advanced_stage,,,,,,noun,名詞,prefill_keep_current_noun_margin1_sources1,auto_prefill,done,keep_current_noun_margin1_sources1,True,782
BATCH_04,4,WB011446,hindsight,hindsight,後知恵、事後の認識、後の見方,noun,名詞,,noun:1,45,42.42,False,fallback_noun,4,HS_Advanced,高3最難関(速習),高3発展(標準),1,英検 1級 でる順パス単 5訂版,HIGH,8,low_confidence(<60) | weak_evidence:fallback_noun | advanced_stage,,,,,,noun,名詞,prefill_keep_current_noun_margin1_sources1,auto_prefill,done,keep_current_noun_margin1_sources1,True,783
BATCH_04,4,WB008883,hippocampus,hippocampus,海馬,noun,名詞,,noun:1,45,42.42,False,fallback_noun,4,HS_Advanced,高2発展(速習),高3発展(標準),1,話題別英単語リンガメタリカ,HIGH,8,low_confidence(<60) | weak_evidence:fallback_noun | advanced_stage,,,,,,noun,名詞,prefill_keep_current_noun_margin1_sources1,auto_prefill,done,keep_current_noun_margin1_sources1,True,784
BATCH_04,4,WB011436,hippopotamus,hippopotamus,カバ、河馬、大きな水生哺乳類,noun,名詞,,noun:1,45,42.42,False,fallback_noun,4,HS_Advanced,高3最難関(速習),高3発展(標準),1,TOEFLテスト英単語3800,HIGH,8,low_confidence(<60) | weak_evidence:fallback_noun | advanced_stage,,,,,,noun,名詞,prefill_keep_current_noun_margin1_sources1,auto_prefill,done,keep_current_noun_margin1_sources1,True,785
BATCH_04,4,WB011459,hireling,hireling,雇われの、賃金労働者,noun,名詞,,noun:1,45,42.42,False,fallback_noun,4,HS_Advanced,高3最難関(速習),高3発展(標準),1,TOEFLテスト英単語3800,HIGH,8,low_confidence(<60) | weak_evidence:fallback_noun | advanced_stage,,,,,,noun,名詞,prefill_keep_current_noun_margin1_sources1,auto_prefill,done,keep_current_noun_margin1_sources1,True,786
BATCH_04,4,WB011432,hiss,hiss,シッと言う(at)；シューッと言って制止する；（ヘビ・蒸気などの）シューという音,noun,名詞,,noun:1,45,42.42,False,fallback_noun,4,HS_Advanced,高3最難関(速習),高3発展(標準),1,速読英単語 上級編,HIGH,8,low_confidence(<60) | weak_evidence:fallback_noun | advanced_stage,,,,,,noun,名詞,prefill_keep_current_noun_margin1_sources1,auto_prefill,done,keep_current_noun_margin1_sources1,True,787
BATCH_04,4,WB011434,hoax,hoax,"いたずら, 悪ふざけ, 偽りの出来事",noun,名詞,,noun:1,45,42.42,False,fallback_noun,4,HS_Advanced,高3最難関(速習),高3発展(標準),1,英検 1級 でる順パス単 5訂版,HIGH,8,low_confidence(<60) | weak_evidence:fallback_noun | advanced_stage,,,,,,noun,名詞,prefill_keep_current_noun_margin1_sources1,auto_prefill,done,keep_current_noun_margin1_sources1,True,788
BATCH_04,4,WB011461,homestead,homestead,家宅、農場、自宅,noun,名詞,,noun:1,45,42.42,False,fallback_noun,4,HS_Advanced,高3最難関(速習),高3発展(標準),1,TOEFLテスト英単語3800,HIGH,8,low_confidence(<60) | weak_evidence:fallback_noun | advanced_stage,,,,,,noun,名詞,prefill_keep_current_noun_margin1_sources1,auto_prefill,done,keep_current_noun_margin1_sources1,True,789
BATCH_04,4,WB011439,honeycomb,honeycomb,ハチの巣、蜂の巣、蜂巣,noun,名詞,,noun:1,45,42.42,False,fallback_noun,4,HS_Advanced,高3最難関(速習),高3発展(標準),1,TOEFLテスト英単語3800,HIGH,8,low_confidence(<60) | weak_evidence:fallback_noun | advanced_stage,,,,,,noun,名詞,prefill_keep_current_noun_margin1_sources1,auto_prefill,done,keep_current_noun_margin1_sources1,True,790
BATCH_04,4,WB011460,hoof,hoof,ひづめ,noun,名詞,,noun:1,45,42.42,False,fallback_noun,4,HS_Advanced,高3最難関(速習),高3発展(標準),1,TOEFLテスト英単語3800,HIGH,8,low_confidence(<60) | weak_evidence:fallback_noun | advanced_stage,,,,,,noun,名詞,prefill_keep_current_noun_margin1_sources1,auto_prefill,done,keep_current_noun_margin1_sources1,True,791
BATCH_04,4,WB011423,hormone,hormone,ホルモン,noun,名詞,,noun:1,45,42.42,False,fallback_noun,4,HS_Advanced,高3最難関(速習),高3発展(標準),1,速読英単語 上級編,HIGH,8,low_confidence(<60) | weak_evidence:fallback_noun | advanced_stage,,,,,,noun,名詞,prefill_keep_current_noun_margin1_sources1,auto_prefill,done,keep_current_noun_margin1_sources1,True,792
BATCH_04,4,WB011444,horticulture,horticulture,園芸、園芸学、庭園栽培,noun,名詞,,noun:1,45,42.42,False,fallback_noun,4,HS_Advanced,高3最難関(速習),高3発展(標準),1,TOEFLテスト英単語3800,HIGH,8,low_confidence(<60) | weak_evidence:fallback_noun | advanced_stage,,,,,,noun,名詞,prefill_keep_current_noun_margin1_sources1,auto_prefill,done,keep_current_noun_margin1_sources1,True,793
BATCH_04,4,WB008889,hospice,hospice,ホスピス,noun,名詞,,noun:1,45,42.42,False,fallback_noun,4,HS_Advanced,高2発展(速習),高3発展(標準),1,話題別英単語リンガメタリカ,HIGH,8,low_confidence(<60) | weak_evidence:fallback_noun | advanced_stage,,,,,,noun,名詞,prefill_keep_current_noun_margin1_sources1,auto_prefill,done,keep_current_noun_margin1_sources1,True,794
BATCH_04,4,WB008891,househusband,househusband,主夫,noun,名詞,,noun:1,45,42.42,False,fallback_noun,4,HS_Advanced,高2発展(速習),高3発展(標準),1,話題別英単語リンガメタリカ,HIGH,8,low_confidence(<60) | weak_evidence:fallback_noun | advanced_stage,,,,,,noun,名詞,prefill_keep_current_noun_margin1_sources1,auto_prefill,done,keep_current_noun_margin1_sources1,True,795
BATCH_04,4,WB011443,housing,housing,住宅、住居、宿舎,noun,名詞,,noun:1,45,42.42,False,fallback_noun,4,HS_Advanced,高3最難関(速習),高3発展(標準),1,TOEFLテスト英単語3800,HIGH,8,low_confidence(<60) | weak_evidence:fallback_noun | advanced_stage,,,,,,noun,名詞,prefill_keep_current_noun_margin1_sources1,auto_prefill,done,keep_current_noun_margin1_sources1,True,796
BATCH_04,4,WB011458,humus,humus,腐葉土,noun,名詞,,noun:1,45,42.42,False,fallback_noun,4,HS_Advanced,高3最難関(速習),高3発展(標準),1,TOEFLテスト英単語3800,HIGH,8,low_confidence(<60) | weak_evidence:fallback_noun | advanced_stage,,,,,,noun,名詞,prefill_keep_current_noun_margin1_sources1,auto_prefill,done,keep_current_noun_margin1_sources1,True,797
BATCH_04,4,WB011430,hunch,hunch,予感、直感、勘,noun,名詞,,noun:1,45,42.42,False,fallback_noun,4,HS_Advanced,高3最難関(速習),高3発展(標準),1,英検 1級 でる順パス単 5訂版,HIGH,8,low_confidence(<60) | weak_evidence:fallback_noun | advanced_stage,,,,,,noun,名詞,prefill_keep_current_noun_margin1_sources1,auto_prefill,done,keep_current_noun_margin1_sources1,True,798
BATCH_04,4,WB011431,hurdle,hurdle,"障害, ハードル, 困難",noun,名詞,,noun:1,45,42.42,False,fallback_noun,4,HS_Advanced,高3最難関(速習),高3発展(標準),1,英検 1級 でる順パス単 5訂版,HIGH,8,low_confidence(<60) | weak_evidence:fallback_noun | advanced_stage,,,,,,noun,名詞,prefill_keep_current_noun_margin1_sources1,auto_prefill,done,keep_current_noun_margin1_sources1,True,799
BATCH_04,4,WB011448,husbandry,husbandry,家畜の飼育,noun,名詞,,noun:1,45,42.42,False,fallback_noun,4,HS_Advanced,高3最難関(速習),高3発展(標準),1,TOEFLテスト英単語3800,HIGH,8,low_confidence(<60) | weak_evidence:fallback_noun | advanced_stage,,,,,,noun,名詞,prefill_keep_current_noun_margin1_sources1,auto_prefill,done,keep_current_noun_margin1_sources1,True,800
BATCH_04,4,WB011456,hydrophobia,hydrophobia,水恐怖症,noun,名詞,,noun:1,45,42.42,False,fallback_noun,4,HS_Advanced,高3最難関(速習),高3発展(標準),1,TOEFLテスト英単語3800,HIGH,8,low_confidence(<60) | weak_evidence:fallback_noun | advanced_stage,,,,,,noun,名詞,prefill_keep_current_noun_margin1_sources1,auto_prefill,done,keep_current_noun_margin1_sources1,True,801
BATCH_04,4,WB011427,hymn,hymn,賛美歌,noun,名詞,,noun:1,45,42.42,False,fallback_noun,4,HS_Advanced,高3最難関(速習),高3発展(標準),1,速読英単語 上級編,HIGH,8,low_confidence(<60) | weak_evidence:fallback_noun | advanced_stage,,,,,,noun,名詞,prefill_keep_current_noun_margin1_sources1,auto_prefill,done,keep_current_noun_margin1_sources1,True,802
BATCH_04,4,WB011438,hype,hype,宣伝,noun,名詞,,noun:1,45,42.42,False,fallback_noun,4,HS_Advanced,高3最難関(速習),高3発展(標準),1,英検 1級 でる順パス単 5訂版,HIGH,8,low_confidence(<60) | weak_evidence:fallback_noun | advanced_stage,,,,,,noun,名詞,prefill_keep_current_noun_margin1_sources1,auto_prefill,done,keep_current_noun_margin1_sources1,True,803
BATCH_04,4,WB008886,hysteria,hysteria,ヒステリー症,noun,名詞,,noun:1,45,42.42,False,fallback_noun,4,HS_Advanced,高2発展(速習),高3発展(標準),1,話題別英単語リンガメタリカ,HIGH,8,low_confidence(<60) | weak_evidence:fallback_noun | advanced_stage,,,,,,noun,名詞,prefill_keep_current_noun_margin1_sources1,auto_prefill,done,keep_current_noun_margin1_sources1,True,804
BATCH_04,4,WB011522,ibis,ibis,トキ,noun,名詞,,noun:1,45,42.42,False,fallback_noun,4,HS_Advanced,高3最難関(速習),高3発展(標準),1,TOEFLテスト英単語3800,HIGH,8,low_confidence(<60) | weak_evidence:fallback_noun | advanced_stage,,,,,,noun,名詞,prefill_keep_current_noun_margin1_sources1,auto_prefill,done,keep_current_noun_margin1_sources1,True,805
BATCH_04,4,WB011520,icicle,icicle,つらら,noun,名詞,,noun:1,45,42.42,False,fallback_noun,4,HS_Advanced,高3最難関(速習),高3発展(標準),1,TOEFLテスト英単語3800,HIGH,8,low_confidence(<60) | weak_evidence:fallback_noun | advanced_stage,,,,,,noun,名詞,prefill_keep_current_noun_margin1_sources1,auto_prefill,done,keep_current_noun_margin1_sources1,True,806
BATCH_04,4,WB011480,idiom,idiom,慣用句、成句、イディオム,noun,名詞,,noun:1,45,42.42,False,fallback_noun,4,HS_Advanced,高3最難関(速習),高3発展(標準),1,TOEFLテスト英単語3800,HIGH,8,low_confidence(<60) | weak_evidence:fallback_noun | advanced_stage,,,,,,noun,名詞,prefill_keep_current_noun_margin1_sources1,auto_prefill,done,keep_current_noun_margin1_sources1,True,807
BATCH_04,4,WB011506,imminent,imminent,差し迫った、間近に迫った、切迫した,noun,名詞,,noun:1,45,42.42,False,fallback_noun,4,HS_Advanced,高3最難関(速習),高3発展(標準),1,TOEFLテスト英単語3800,HIGH,8,low_confidence(<60) | weak_evidence:fallback_noun | advanced_stage,,,,,,noun,名詞,prefill_keep_current_noun_margin1_sources1,auto_prefill,done,keep_current_noun_margin1_sources1,True,808
BATCH_04,4,WB008935,imperfect,imperfect,{形} 不完全(な),noun,名詞,,noun:1,45,42.42,False,fallback_noun,4,HS_Advanced,高2発展(速習),高3発展(標準),1,話題別英単語リンガメタリカ,HIGH,8,low_confidence(<60) | weak_evidence:fallback_noun | advanced_stage,,,,,,noun,名詞,prefill_keep_current_noun_margin1_sources1,auto_prefill,done,keep_current_noun_margin1_sources1,True,809
BATCH_04,4,WB008949,imprinting,imprinting,刷り込み、刻印付け,noun,名詞,,noun:1,45,42.42,False,fallback_noun,4,HS_Advanced,高2発展(速習),高3発展(標準),1,話題別英単語リンガメタリカ,HIGH,8,low_confidence(<60) | weak_evidence:fallback_noun | advanced_stage,,,,,,noun,名詞,prefill_keep_current_noun_margin1_sources1,auto_prefill,done,keep_current_noun_margin1_sources1,True,810
BATCH_04,4,WB011505,impromptu,impromptu,即興の,noun,名詞,,noun:1,45,42.42,False,fallback_noun,4,HS_Advanced,高3最難関(速習),高3発展(標準),1,TOEFLテスト英単語3800,HIGH,8,low_confidence(<60) | weak_evidence:fallback_noun | advanced_stage,,,,,,noun,名詞,prefill_keep_current_noun_margin1_sources1,auto_prefill,done,keep_current_noun_margin1_sources1,True,811
BATCH_04,4,WB008944,inadequacy,inadequacy,不適切さ、不十分さ,noun,名詞,,noun:1,45,42.42,False,fallback_noun,4,HS_Advanced,高2発展(速習),高3発展(標準),1,話題別英単語リンガメタリカ,HIGH,8,low_confidence(<60) | weak_evidence:fallback_noun | advanced_stage,,,,,,noun,名詞,prefill_keep_current_noun_margin1_sources1,auto_prefill,done,keep_current_noun_margin1_sources1,True,812
BATCH_04,4,WB011479,incense,incense,お香、香り、香料,noun,名詞,,noun:1,45,42.42,False,fallback_noun,4,HS_Advanced,高3最難関(速習),高3発展(標準),1,英検 1級 でる順パス単 5訂版,HIGH,8,low_confidence(<60) | weak_evidence:fallback_noun | advanced_stage,,,,,,noun,名詞,prefill_keep_current_noun_margin1_sources1,auto_prefill,done,keep_current_noun_margin1_sources1,True,813
BATCH_04,4,WB011508,incumbent,incumbent,現職の、負っている、義務がある,noun,名詞,,noun:1,45,42.42,False,fallback_noun,4,HS_Advanced,高3最難関(速習),高3発展(標準),1,TOEFLテスト英単語3800,HIGH,8,low_confidence(<60) | weak_evidence:fallback_noun | advanced_stage,,,,,,noun,名詞,prefill_keep_current_noun_margin1_sources1,auto_prefill,done,keep_current_noun_margin1_sources1,True,814
BATCH_04,4,WB011468,indirect,indirect,間接の、まわりくどい,noun,名詞,,noun:1,45,42.42,False,fallback_noun,4,HS_Advanced,高3最難関(速習),高3発展(標準),1,速読英単語 上級編,HIGH,8,low_confidence(<60) | weak_evidence:fallback_noun | advanced_stage,,,,,,noun,名詞,prefill_keep_current_noun_margin1_sources1,auto_prefill,done,keep_current_noun_margin1_sources1,True,815
BATCH_04,4,WB011513,indissoluble,indissoluble,不溶解の、解けない,noun,名詞,,noun:1,45,42.42,False,fallback_noun,4,HS_Advanced,高3最難関(速習),高3発展(標準),1,TOEFLテスト英単語3800,HIGH,8,low_confidence(<60) | weak_evidence:fallback_noun | advanced_stage,,,,,,noun,名詞,prefill_keep_current_noun_margin1_sources1,auto_prefill,done,keep_current_noun_margin1_sources1,True,816
BATCH_04,4,WB008906,ingredients,ingredients,成分,noun,名詞,,noun:1,45,42.42,False,fallback_noun,4,HS_Advanced,高2発展(速習),高3発展(標準),1,話題別英単語リンガメタリカ,HIGH,8,low_confidence(<60) | weak_evidence:fallback_noun | advanced_stage,,,,,,noun,名詞,prefill_keep_current_noun_margin1_sources1,auto_prefill,done,keep_current_noun_margin1_sources1,True,817
BATCH_04,4,WB011497,innuendo,innuendo,ほのめかし、当てこすり、暗示,noun,名詞,,noun:1,45,42.42,False,fallback_noun,4,HS_Advanced,高3最難関(速習),高3発展(標準),1,英検 1級 でる順パス単 5訂版,HIGH,8,low_confidence(<60) | weak_evidence:fallback_noun | advanced_stage,,,,,,noun,名詞,prefill_keep_current_noun_margin1_sources1,auto_prefill,done,keep_current_noun_margin1_sources1,True,818
BATCH_04,4,WB011498,insecticide,insecticide,殺虫剤,noun,名詞,,noun:1,45,42.42,False,fallback_noun,4,HS_Advanced,高3最難関(速習),高3発展(標準),1,TOEFLテスト英単語3800,HIGH,8,low_confidence(<60) | weak_evidence:fallback_noun | advanced_stage,,,,,,noun,名詞,prefill_keep_current_noun_margin1_sources1,auto_prefill,done,keep_current_noun_margin1_sources1,True,819
BATCH_04,4,WB011493,insolvent,insolvent,支払い不能の、破産した、倒産した,noun,名詞,,noun:1,45,42.42,False,fallback_noun,4,HS_Advanced,高3最難関(速習),高3発展(標準),1,TOEFLテスト英単語3800,HIGH,8,low_confidence(<60) | weak_evidence:fallback_noun | advanced_stage,,,,,,noun,名詞,prefill_keep_current_noun_margin1_sources1,auto_prefill,done,keep_current_noun_margin1_sources1,True,820
BATCH_04,4,WB011483,insurgency,insurgency,反乱、反乱、蜂起,noun,名詞,,noun:1,45,42.42,False,fallback_noun,4,HS_Advanced,高3最難関(速習),高3発展(標準),1,英検 1級 でる順パス単 5訂版,HIGH,8,low_confidence(<60) | weak_evidence:fallback_noun | advanced_stage,,,,,,noun,名詞,prefill_keep_current_noun_margin1_sources1,auto_prefill,done,keep_current_noun_margin1_sources1,True,821
BATCH_04,4,WB011492,interlude,interlude,間奏、休憩、中断,noun,名詞,,noun:1,45,42.42,False,fallback_noun,4,HS_Advanced,高3最難関(速習),高3発展(標準),1,英検 1級 でる順パス単 5訂版,HIGH,8,low_confidence(<60) | weak_evidence:fallback_noun | advanced_stage,,,,,,noun,名詞,prefill_keep_current_noun_margin1_sources1,auto_prefill,done,keep_current_noun_margin1_sources1,True,822
BATCH_04,4,WB011473,intern,intern,インターン、実習生、見習い,noun,名詞,,noun:1,45,42.42,False,fallback_noun,4,HS_Advanced,高3最難関(速習),高3発展(標準),1,英検 1級 でる順パス単 5訂版,HIGH,8,low_confidence(<60) | weak_evidence:fallback_noun | advanced_stage,,,,,,noun,名詞,prefill_keep_current_noun_margin1_sources1,auto_prefill,done,keep_current_noun_margin1_sources1,True,823
BATCH_04,4,WB008925,interoffice,interoffice,部署間の、社内の、相互の,noun,名詞,,noun:1,45,42.42,False,fallback_noun,4,HS_Advanced,高2発展(速習),高3発展(標準),1,TOEIC Gold Phrases 金のフレーズ,HIGH,8,low_confidence(<60) | weak_evidence:fallback_noun | advanced_stage,,,,,,noun,名詞,prefill_keep_current_noun_margin1_sources1,auto_prefill,done,keep_current_noun_margin1_sources1,True,824
BATCH_04,4,WB011518,interstellar,interstellar,星間の、恒星間の,noun,名詞,,noun:1,45,42.42,False,fallback_noun,4,HS_Advanced,高3最難関(速習),高3発展(標準),1,TOEFLテスト英単語3800,HIGH,8,low_confidence(<60) | weak_evidence:fallback_noun | advanced_stage,,,,,,noun,名詞,prefill_keep_current_noun_margin1_sources1,auto_prefill,done,keep_current_noun_margin1_sources1,True,825
BATCH_04,4,WB008909,intrigued,intrigued,興味をそそられた,noun,名詞,,noun:1,45,42.42,False,fallback_noun,4,HS_Advanced,高2発展(速習),高3発展(標準),1,英検準1級単熟語EX 第2版,HIGH,8,low_confidence(<60) | weak_evidence:fallback_noun | advanced_stage,,,,,,noun,名詞,prefill_keep_current_noun_margin1_sources1,auto_prefill,done,keep_current_noun_margin1_sources1,True,826
BATCH_04,4,WB011517,inverse,inverse,逆の、反対の,noun,名詞,,noun:1,45,42.42,False,fallback_noun,4,HS_Advanced,高3最難関(速習),高3発展(標準),1,TOEFLテスト英単語3800,HIGH,8,low_confidence(<60) | weak_evidence:fallback_noun | advanced_stage,,,,,,noun,名詞,prefill_keep_current_noun_margin1_sources1,auto_prefill,done,keep_current_noun_margin1_sources1,True,827
BATCH_04,4,WB008954,ion,ion,イオン,noun,名詞,,noun:1,45,42.42,False,fallback_noun,4,HS_Advanced,高2発展(速習),高3発展(標準),1,英検準1級単熟語EX 第2版,HIGH,8,low_confidence(<60) | weak_evidence:fallback_noun | advanced_stage,,,,,,noun,名詞,prefill_keep_current_noun_margin1_sources1,auto_prefill,done,keep_current_noun_margin1_sources1,True,828
BATCH_04,4,WB011526,jest,jest,冗談、戯れ、ふざけ,noun,名詞,,noun:1,45,42.42,False,fallback_noun,4,HS_Advanced,高3最難関(速習),高3発展(標準),1,英検 1級 でる順パス単 5訂版,HIGH,8,low_confidence(<60) | weak_evidence:fallback_noun | advanced_stage,,,,,,noun,名詞,prefill_keep_current_noun_margin1_sources1,auto_prefill,done,keep_current_noun_margin1_sources1,True,829
BATCH_04,4,WB011527,jolt,jolt,衝撃、揺さぶり、動揺,noun,名詞,,noun:1,45,42.42,False,fallback_noun,4,HS_Advanced,高3最難関(速習),高3発展(標準),1,TOEFLテスト英単語3800,HIGH,8,low_confidence(<60) | weak_evidence:fallback_noun | advanced_stage,,,,,,noun,名詞,prefill_keep_current_noun_margin1_sources1,auto_prefill,done,keep_current_noun_margin1_sources1,True,830
BATCH_04,4,WB011525,juncture,juncture,時点、接合点、重要な時期,noun,名詞,,noun:1,45,42.42,False,fallback_noun,4,HS_Advanced,高3最難関(速習),高3発展(標準),1,英検 1級 でる順パス単 5訂版,HIGH,8,low_confidence(<60) | weak_evidence:fallback_noun | advanced_stage,,,,,,noun,名詞,prefill_keep_current_noun_margin1_sources1,auto_prefill,done,keep_current_noun_margin1_sources1,True,831
BATCH_04,4,WB011529,kerosene,kerosene,灯油,noun,名詞,,noun:1,45,42.42,False,fallback_noun,4,HS_Advanced,高3最難関(速習),高3発展(標準),1,TOEFLテスト英単語3800,HIGH,8,low_confidence(<60) | weak_evidence:fallback_noun | advanced_stage,,,,,,noun,名詞,prefill_keep_current_noun_margin1_sources1,auto_prefill,done,keep_current_noun_margin1_sources1,True,832
BATCH_04,4,WB011530,kickback,kickback,蹴り返し、バックマージン、報酬,noun,名詞,,noun:1,45,42.42,False,fallback_noun,4,HS_Advanced,高3最難関(速習),高3発展(標準),1,英検 1級 でる順パス単 5訂版,HIGH,8,low_confidence(<60) | weak_evidence:fallback_noun | advanced_stage,,,,,,noun,名詞,prefill_keep_current_noun_margin1_sources1,auto_prefill,done,keep_current_noun_margin1_sources1,True,833
BATCH_04,4,WB011532,kin,kin,血縁、親族,noun,名詞,,noun:1,45,42.42,False,fallback_noun,4,HS_Advanced,高3最難関(速習),高3発展(標準),1,鉄緑会 東大英単語熟語 鉄壁,HIGH,8,low_confidence(<60) | weak_evidence:fallback_noun | advanced_stage,,,,,,noun,名詞,prefill_keep_current_noun_margin1_sources1,auto_prefill,done,keep_current_noun_margin1_sources1,True,834
BATCH_04,4,WB011533,kindred,kindred,血縁の、親族の,noun,名詞,,noun:1,45,42.42,False,fallback_noun,4,HS_Advanced,高3最難関(速習),高3発展(標準),1,TOEFLテスト英単語3800,HIGH,8,low_confidence(<60) | weak_evidence:fallback_noun | advanced_stage,,,,,,noun,名詞,prefill_keep_current_noun_margin1_sources1,auto_prefill,done,keep_current_noun_margin1_sources1,True,835
BATCH_04,4,WB011531,knack,knack,才能、コツ、特技,noun,名詞,,noun:1,45,42.42,False,fallback_noun,4,HS_Advanced,高3最難関(速習),高3発展(標準),1,英検 1級 でる順パス単 5訂版,HIGH,8,low_confidence(<60) | weak_evidence:fallback_noun | advanced_stage,,,,,,noun,名詞,prefill_keep_current_noun_margin1_sources1,auto_prefill,done,keep_current_noun_margin1_sources1,True,836
BATCH_04,4,WB008976,labeling,labeling,表示,noun,名詞,,noun:1,45,42.42,False,fallback_noun,4,HS_Advanced,高2発展(速習),高3発展(標準),1,話題別英単語リンガメタリカ,HIGH,8,low_confidence(<60) | weak_evidence:fallback_noun | advanced_stage,,,,,,noun,名詞,prefill_keep_current_noun_margin1_sources1,auto_prefill,done,keep_current_noun_margin1_sources1,True,837
BATCH_04,4,WB011554,labyrinth,labyrinth,迷宮、複雑な道、複雑な状況,noun,名詞,,noun:1,45,42.42,False,fallback_noun,4,HS_Advanced,高3最難関(速習),高3発展(標準),1,英検 1級 でる順パス単 5訂版,HIGH,8,low_confidence(<60) | weak_evidence:fallback_noun | advanced_stage,,,,,,noun,名詞,prefill_keep_current_noun_margin1_sources1,auto_prefill,done,keep_current_noun_margin1_sources1,True,838
BATCH_04,4,WB011562,lagoon,lagoon,潟、入り江,noun,名詞,,noun:1,45,42.42,False,fallback_noun,4,HS_Advanced,高3最難関(速習),高3発展(標準),1,TOEFLテスト英単語3800,HIGH,8,low_confidence(<60) | weak_evidence:fallback_noun | advanced_stage,,,,,,noun,名詞,prefill_keep_current_noun_margin1_sources1,auto_prefill,done,keep_current_noun_margin1_sources1,True,839
BATCH_04,4,WB008968,laissez-faire,laissez-faire,自由放任主義、レッセ・フェール,noun,名詞,,noun:1,45,42.42,False,fallback_noun,4,HS_Advanced,高2発展(速習),高3発展(標準),1,話題別英単語リンガメタリカ,HIGH,8,low_confidence(<60) | weak_evidence:fallback_noun | advanced_stage,,,,,,noun,名詞,prefill_keep_current_noun_margin1_sources1,auto_prefill,done,keep_current_noun_margin1_sources1,True,840
BATCH_04,4,WB008965,landscaping,landscaping,造園、庭づくり、造園業,noun,名詞,,noun:1,45,42.42,False,fallback_noun,4,HS_Advanced,高2発展(速習),高3発展(標準),1,TOEIC Gold Phrases 金のフレーズ,HIGH,8,low_confidence(<60) | weak_evidence:fallback_noun | advanced_stage,,,,,,noun,名詞,prefill_keep_current_noun_margin1_sources1,auto_prefill,done,keep_current_noun_margin1_sources1,True,841
BATCH_04,4,WB011555,lanky,lanky,"長身痩躯の, 背が高くて細い, ひょろ長い",noun,名詞,,noun:1,45,42.42,False,fallback_noun,4,HS_Advanced,高3最難関(速習),高3発展(標準),1,英検 1級 でる順パス単 5訂版,HIGH,8,low_confidence(<60) | weak_evidence:fallback_noun | advanced_stage,,,,,,noun,名詞,prefill_keep_current_noun_margin1_sources1,auto_prefill,done,keep_current_noun_margin1_sources1,True,842
BATCH_04,4,WB008971,last-minute,last-minute,ぎりぎりの、直前の、緊急の,noun,名詞,,noun:1,45,42.42,False,fallback_noun,4,HS_Advanced,高2発展(速習),高3発展(標準),1,TOEIC Gold Phrases 金のフレーズ,HIGH,8,low_confidence(<60) | weak_evidence:fallback_noun | advanced_stage,,,,,,noun,名詞,prefill_keep_current_noun_margin1_sources1,auto_prefill,done,keep_current_noun_margin1_sources1,True,843
BATCH_04,4,WB011534,lava,lava,溶岩、マグマ、火山岩,noun,名詞,,noun:1,45,42.42,False,fallback_noun,4,HS_Advanced,高3最難関(速習),高3発展(標準),1,TOEFLテスト英単語3800,HIGH,8,low_confidence(<60) | weak_evidence:fallback_noun | advanced_stage,,,,,,noun,名詞,prefill_keep_current_noun_margin1_sources1,auto_prefill,done,keep_current_noun_margin1_sources1,True,844
BATCH_04,4,WB011563,leeway,leeway,余裕、ゆとり,noun,名詞,,noun:1,45,42.42,False,fallback_noun,4,HS_Advanced,高3最難関(速習),高3発展(標準),1,TOEFLテスト英単語3800,HIGH,8,low_confidence(<60) | weak_evidence:fallback_noun | advanced_stage,,,,,,noun,名詞,prefill_keep_current_noun_margin1_sources1,auto_prefill,done,keep_current_noun_margin1_sources1,True,845
BATCH_04,4,WB008973,left-handed,left-handed,左利きの,noun,名詞,,noun:1,45,42.42,False,fallback_noun,4,HS_Advanced,高2発展(速習),高3発展(標準),1,話題別英単語リンガメタリカ,HIGH,8,low_confidence(<60) | weak_evidence:fallback_noun | advanced_stage,,,,,,noun,名詞,prefill_keep_current_noun_margin1_sources1,auto_prefill,done,keep_current_noun_margin1_sources1,True,846
BATCH_04,4,WB011545,legislature,legislature,立法機関、議会、国会,noun,名詞,,noun:1,45,42.42,False,fallback_noun,4,HS_Advanced,高3最難関(速習),高3発展(標準),1,英検 1級 でる順パス単 5訂版,HIGH,8,low_confidence(<60) | weak_evidence:fallback_noun | advanced_stage,,,,,,noun,名詞,prefill_keep_current_noun_margin1_sources1,auto_prefill,done,keep_current_noun_margin1_sources1,True,847
BATCH_04,4,WB011556,leukemia,leukemia,白血病,noun,名詞,,noun:1,45,42.42,False,fallback_noun,4,HS_Advanced,高3最難関(速習),高3発展(標準),1,TOEFLテスト英単語3800,HIGH,8,low_confidence(<60) | weak_evidence:fallback_noun | advanced_stage,,,,,,noun,名詞,prefill_keep_current_noun_margin1_sources1,auto_prefill,done,keep_current_noun_margin1_sources1,True,848
BATCH_04,4,WB008969,lexicon,lexicon,用語集（語彙集）,noun,名詞,,noun:1,45,42.42,False,fallback_noun,4,HS_Advanced,高2発展(速習),高3発展(標準),1,話題別英単語リンガメタリカ,HIGH,8,low_confidence(<60) | weak_evidence:fallback_noun | advanced_stage,,,,,,noun,名詞,prefill_keep_current_noun_margin1_sources1,auto_prefill,done,keep_current_noun_margin1_sources1,True,849
BATCH_04,4,WB011549,lieutenant,lieutenant,中尉、副官、助手,noun,名詞,,noun:1,45,42.42,False,fallback_noun,4,HS_Advanced,高3最難関(速習),高3発展(標準),1,英検 1級 でる順パス単 5訂版,HIGH,8,low_confidence(<60) | weak_evidence:fallback_noun | advanced_stage,,,,,,noun,名詞,prefill_keep_current_noun_margin1_sources1,auto_prefill,done,keep_current_noun_margin1_sources1,True,850
BATCH_04,4,WB011538,lifelong,lifelong,生涯通じての；一生の,noun,名詞,,noun:1,45,42.42,False,fallback_noun,4,HS_Advanced,高3最難関(速習),高3発展(標準),1,速読英単語 上級編,HIGH,8,low_confidence(<60) | weak_evidence:fallback_noun | advanced_stage,,,,,,noun,名詞,prefill_keep_current_noun_margin1_sources1,auto_prefill,done,keep_current_noun_margin1_sources1,True,851
BATCH_04,4,WB011543,lineup,lineup,ラインナップ、列、一覧,noun,名詞,,noun:1,45,42.42,False,fallback_noun,4,HS_Advanced,高3最難関(速習),高3発展(標準),1,英検 1級 でる順パス単 5訂版,HIGH,8,low_confidence(<60) | weak_evidence:fallback_noun | advanced_stage,,,,,,noun,名詞,prefill_keep_current_noun_margin1_sources1,auto_prefill,done,keep_current_noun_margin1_sources1,True,852
BATCH_04,4,WB008983,lining,lining,裏地、内側,noun,名詞,,noun:1,45,42.42,False,fallback_noun,4,HS_Advanced,高2発展(速習),高3発展(標準),1,話題別英単語リンガメタリカ,HIGH,8,low_confidence(<60) | weak_evidence:fallback_noun | advanced_stage,,,,,,noun,名詞,prefill_keep_current_noun_margin1_sources1,auto_prefill,done,keep_current_noun_margin1_sources1,True,853
BATCH_04,4,WB011550,litany,litany,連祷、祈祷、讃美歌,noun,名詞,,noun:1,45,42.42,False,fallback_noun,4,HS_Advanced,高3最難関(速習),高3発展(標準),1,英検 1級 でる順パス単 5訂版,HIGH,8,low_confidence(<60) | weak_evidence:fallback_noun | advanced_stage,,,,,,noun,名詞,prefill_keep_current_noun_margin1_sources1,auto_prefill,done,keep_current_noun_margin1_sources1,True,854
BATCH_04,4,WB008981,loanword,loanword,借用語,noun,名詞,,noun:1,45,42.42,False,fallback_noun,4,HS_Advanced,高2発展(速習),高3発展(標準),1,話題別英単語リンガメタリカ,HIGH,8,low_confidence(<60) | weak_evidence:fallback_noun | advanced_stage,,,,,,noun,名詞,prefill_keep_current_noun_margin1_sources1,auto_prefill,done,keep_current_noun_margin1_sources1,True,855
BATCH_04,4,WB011564,locus,locus,場所、局所、中心地,noun,名詞,,noun:1,45,42.42,False,fallback_noun,4,HS_Advanced,高3最難関(速習),高3発展(標準),1,TOEFLテスト英単語3800,HIGH,8,low_confidence(<60) | weak_evidence:fallback_noun | advanced_stage,,,,,,noun,名詞,prefill_keep_current_noun_margin1_sources1,auto_prefill,done,keep_current_noun_margin1_sources1,True,856
BATCH_04,4,WB008964,long-range,long-range,長期的,noun,名詞,,noun:1,45,42.42,False,fallback_noun,4,HS_Advanced,高2発展(速習),高3発展(標準),1,話題別英単語リンガメタリカ,HIGH,8,low_confidence(<60) | weak_evidence:fallback_noun | advanced_stage,,,,,,noun,名詞,prefill_keep_current_noun_margin1_sources1,auto_prefill,done,keep_current_noun_margin1_sources1,True,857
BATCH_04,4,WB011566,lucre,lucre,利益、金銭,noun,名詞,,noun:1,45,42.42,False,fallback_noun,4,HS_Advanced,高3最難関(速習),高3発展(標準),1,TOEFLテスト英単語3800,HIGH,8,low_confidence(<60) | weak_evidence:fallback_noun | advanced_stage,,,,,,noun,名詞,prefill_keep_current_noun_margin1_sources1,auto_prefill,done,keep_current_noun_margin1_sources1,True,858
BATCH_04,4,WB008966,luncheon,luncheon,昼食会、ランチョンミーティング、昼食,noun,名詞,,noun:1,45,42.42,False,fallback_noun,4,HS_Advanced,高2発展(速習),高3発展(標準),1,TOEIC Gold Phrases 金のフレーズ,HIGH,8,low_confidence(<60) | weak_evidence:fallback_noun | advanced_stage,,,,,,noun,名詞,prefill_keep_current_noun_margin1_sources1,auto_prefill,done,keep_current_noun_margin1_sources1,True,859
BATCH_04,4,WB008996,macroeconomics,macroeconomics,マクロ経済学,noun,名詞,,noun:1,45,42.42,False,fallback_noun,4,HS_Advanced,高2発展(速習),高3発展(標準),1,話題別英単語リンガメタリカ,HIGH,8,low_confidence(<60) | weak_evidence:fallback_noun | advanced_stage,,,,,,noun,名詞,prefill_keep_current_noun_margin1_sources1,auto_prefill,done,keep_current_noun_margin1_sources1,True,860
BATCH_04,4,WB009015,mainland,mainland,本土,noun,名詞,,noun:1,45,42.42,False,fallback_noun,4,HS_Advanced,高2発展(速習),高3発展(標準),1,英検 準1級 でる順パス単 5訂版,HIGH,8,low_confidence(<60) | weak_evidence:fallback_noun | advanced_stage,,,,,,noun,名詞,prefill_keep_current_noun_margin1_sources1,auto_prefill,done,keep_current_noun_margin1_sources1,True,861
BATCH_04,4,WB011602,makeshift,makeshift,応急の、間に合わせの,noun,名詞,,noun:1,45,42.42,False,fallback_noun,4,HS_Advanced,高3最難関(速習),高3発展(標準),1,TOEFLテスト英単語3800,HIGH,8,low_confidence(<60) | weak_evidence:fallback_noun | advanced_stage,,,,,,noun,名詞,prefill_keep_current_noun_margin1_sources1,auto_prefill,done,keep_current_noun_margin1_sources1,True,862
BATCH_04,4,WB008991,malpractice,malpractice,医療ミス,noun,名詞,,noun:1,45,42.42,False,fallback_noun,4,HS_Advanced,高2発展(速習),高3発展(標準),1,話題別英単語リンガメタリカ,HIGH,8,low_confidence(<60) | weak_evidence:fallback_noun | advanced_stage,,,,,,noun,名詞,prefill_keep_current_noun_margin1_sources1,auto_prefill,done,keep_current_noun_margin1_sources1,True,863
BATCH_04,4,WB011606,manifesto,manifesto,宣言、マニフェスト、公開声明,noun,名詞,,noun:1,45,42.42,False,fallback_noun,4,HS_Advanced,高3最難関(速習),高3発展(標準),1,TOEFLテスト英単語3800,HIGH,8,low_confidence(<60) | weak_evidence:fallback_noun | advanced_stage,,,,,,noun,名詞,prefill_keep_current_noun_margin1_sources1,auto_prefill,done,keep_current_noun_margin1_sources1,True,864
BATCH_04,4,WB011569,mantle,mantle,マントル、外套、地殻下層,noun,名詞,,noun:1,45,42.42,False,fallback_noun,4,HS_Advanced,高3最難関(速習),高3発展(標準),1,英検 1級 でる順パス単 5訂版,HIGH,8,low_confidence(<60) | weak_evidence:fallback_noun | advanced_stage,,,,,,noun,名詞,prefill_keep_current_noun_margin1_sources1,auto_prefill,done,keep_current_noun_margin1_sources1,True,865
BATCH_04,4,WB009024,mapping,mapping,地図作り、脳機能マッピング,noun,名詞,,noun:1,45,42.42,False,fallback_noun,4,HS_Advanced,高2発展(速習),高3発展(標準),1,話題別英単語リンガメタリカ,HIGH,8,low_confidence(<60) | weak_evidence:fallback_noun | advanced_stage,,,,,,noun,名詞,prefill_keep_current_noun_margin1_sources1,auto_prefill,done,keep_current_noun_margin1_sources1,True,866
BATCH_04,4,WB011603,maritime,maritime,海事の、海運の,noun,名詞,,noun:1,45,42.42,False,fallback_noun,4,HS_Advanced,高3最難関(速習),高3発展(標準),1,TOEFLテスト英単語3800,HIGH,8,low_confidence(<60) | weak_evidence:fallback_noun | advanced_stage,,,,,,noun,名詞,prefill_keep_current_noun_margin1_sources1,auto_prefill,done,keep_current_noun_margin1_sources1,True,867
BATCH_04,4,WB009006,marketplace,marketplace,市場、マーケット,noun,名詞,,noun:1,45,42.42,False,fallback_noun,4,HS_Advanced,高2発展(速習),高3発展(標準),1,話題別英単語リンガメタリカ,HIGH,8,low_confidence(<60) | weak_evidence:fallback_noun | advanced_stage,,,,,,noun,名詞,prefill_keep_current_noun_margin1_sources1,auto_prefill,done,keep_current_noun_margin1_sources1,True,868
BATCH_04,4,WB011570,marsh,marsh,沼、湿地,noun,名詞,,noun:1,45,42.42,False,fallback_noun,4,HS_Advanced,高3最難関(速習),高3発展(標準),1,TOEFLテスト英単語3800,HIGH,8,low_confidence(<60) | weak_evidence:fallback_noun | advanced_stage,,,,,,noun,名詞,prefill_keep_current_noun_margin1_sources1,auto_prefill,done,keep_current_noun_margin1_sources1,True,869
BATCH_04,4,WB011598,masonry,masonry,石工、石造り、レンガ造り,noun,名詞,,noun:1,45,42.42,False,fallback_noun,4,HS_Advanced,高3最難関(速習),高3発展(標準),1,TOEFLテスト英単語3800,HIGH,8,low_confidence(<60) | weak_evidence:fallback_noun | advanced_stage,,,,,,noun,名詞,prefill_keep_current_noun_margin1_sources1,auto_prefill,done,keep_current_noun_margin1_sources1,True,870
BATCH_04,4,WB009035,mating,mating,交配,noun,名詞,,noun:1,45,42.42,False,fallback_noun,4,HS_Advanced,高2発展(速習),高3発展(標準),1,英検準1級単熟語EX 第2版,HIGH,8,low_confidence(<60) | weak_evidence:fallback_noun | advanced_stage,,,,,,noun,名詞,prefill_keep_current_noun_margin1_sources1,auto_prefill,done,keep_current_noun_margin1_sources1,True,871
BATCH_04,4,WB011591,matrimony,matrimony,結婚、結婚生活,noun,名詞,,noun:1,45,42.42,False,fallback_noun,4,HS_Advanced,高3最難関(速習),高3発展(標準),1,英検 1級 でる順パス単 5訂版,HIGH,8,low_confidence(<60) | weak_evidence:fallback_noun | advanced_stage,,,,,,noun,名詞,prefill_keep_current_noun_margin1_sources1,auto_prefill,done,keep_current_noun_margin1_sources1,True,872
BATCH_04,4,WB011595,matrix,matrix,基盤、行列、母体,noun,名詞,,noun:1,45,42.42,False,fallback_noun,4,HS_Advanced,高3最難関(速習),高3発展(標準),1,TOEFLテスト英単語3800,HIGH,8,low_confidence(<60) | weak_evidence:fallback_noun | advanced_stage,,,,,,noun,名詞,prefill_keep_current_noun_margin1_sources1,auto_prefill,done,keep_current_noun_margin1_sources1,True,873
BATCH_04,4,WB011590,mayhem,mayhem,"混乱, 大混乱, 騒動",noun,名詞,,noun:1,45,42.42,False,fallback_noun,4,HS_Advanced,高3最難関(速習),高3発展(標準),1,英検 1級 でる順パス単 5訂版,HIGH,8,low_confidence(<60) | weak_evidence:fallback_noun | advanced_stage,,,,,,noun,名詞,prefill_keep_current_noun_margin1_sources1,auto_prefill,done,keep_current_noun_margin1_sources1,True,874
BATCH_04,4,WB009019,meantime,meantime,その間,noun,名詞,,noun:1,45,42.42,False,fallback_noun,4,HS_Advanced,高2発展(速習),高3発展(標準),1,英検 準1級 でる順パス単 5訂版,HIGH,8,low_confidence(<60) | weak_evidence:fallback_noun | advanced_stage,,,,,,noun,名詞,prefill_keep_current_noun_margin1_sources1,auto_prefill,done,keep_current_noun_margin1_sources1,True,875
BATCH_04,4,WB011587,measles,measles,"麻疹, はしか",noun,名詞,,noun:1,45,42.42,False,fallback_noun,4,HS_Advanced,高3最難関(速習),高3発展(標準),1,英検 1級 でる順パス単 5訂版,HIGH,8,low_confidence(<60) | weak_evidence:fallback_noun | advanced_stage,,,,,,noun,名詞,prefill_keep_current_noun_margin1_sources1,auto_prefill,done,keep_current_noun_margin1_sources1,True,876
BATCH_04,4,WB008997,measures,measures,"対策, 手段, 装置",noun,名詞,,noun:1,45,42.42,False,fallback_noun,4,HS_Advanced,高2発展(速習),高3発展(標準),1,話題別英単語リンガメタリカ,HIGH,8,low_confidence(<60) | weak_evidence:fallback_noun | advanced_stage,,,,,,noun,名詞,prefill_keep_current_noun_margin1_sources1,auto_prefill,done,keep_current_noun_margin1_sources1,True,877
BATCH_04,4,WB008989,memo,memo,覚書、メモ、備忘録,noun,名詞,,noun:1,45,42.42,False,fallback_noun,4,HS_Advanced,高2発展(速習),高3発展(標準),1,TOEIC Gold Phrases 金のフレーズ,HIGH,8,low_confidence(<60) | weak_evidence:fallback_noun | advanced_stage,,,,,,noun,名詞,prefill_keep_current_noun_margin1_sources1,auto_prefill,done,keep_current_noun_margin1_sources1,True,878
BATCH_04,4,WB008999,memoir,memoir,回顧録、回想録、自叙伝,noun,名詞,,noun:1,45,42.42,False,fallback_noun,4,HS_Advanced,高2発展(速習),高3発展(標準),1,英検準1級単熟語EX 第2版,HIGH,8,low_confidence(<60) | weak_evidence:fallback_noun | advanced_stage,,,,,,noun,名詞,prefill_keep_current_noun_margin1_sources1,auto_prefill,done,keep_current_noun_margin1_sources1,True,879
BATCH_04,4,WB009013,memorabilia,memorabilia,記念品、思い出の品、お土産,noun,名詞,,noun:1,45,42.42,False,fallback_noun,4,HS_Advanced,高2発展(速習),高3発展(標準),1,TOEIC Gold Phrases 金のフレーズ,HIGH,8,low_confidence(<60) | weak_evidence:fallback_noun | advanced_stage,,,,,,noun,名詞,prefill_keep_current_noun_margin1_sources1,auto_prefill,done,keep_current_noun_margin1_sources1,True,880
BATCH_04,4,WB009005,mentoring,mentoring,指導、助言、助言指導,noun,名詞,,noun:1,45,42.42,False,fallback_noun,4,HS_Advanced,高2発展(速習),高3発展(標準),1,TOEIC Gold Phrases 金のフレーズ,HIGH,8,low_confidence(<60) | weak_evidence:fallback_noun | advanced_stage,,,,,,noun,名詞,prefill_keep_current_noun_margin1_sources1,auto_prefill,done,keep_current_noun_margin1_sources1,True,881
BATCH_04,4,WB011610,meridian,meridian,子午線、正午,noun,名詞,,noun:1,45,42.42,False,fallback_noun,4,HS_Advanced,高3最難関(速習),高3発展(標準),1,TOEFLテスト英単語3800,HIGH,8,low_confidence(<60) | weak_evidence:fallback_noun | advanced_stage,,,,,,noun,名詞,prefill_keep_current_noun_margin1_sources1,auto_prefill,done,keep_current_noun_margin1_sources1,True,882
BATCH_04,4,WB009037,metallurgy,metallurgy,治金（術）,noun,名詞,,noun:1,45,42.42,False,fallback_noun,4,HS_Advanced,高2発展(速習),高3発展(標準),1,英検準1級単熟語EX 第2版,HIGH,8,low_confidence(<60) | weak_evidence:fallback_noun | advanced_stage,,,,,,noun,名詞,prefill_keep_current_noun_margin1_sources1,auto_prefill,done,keep_current_noun_margin1_sources1,True,883
BATCH_04,4,WB009007,metaphysics,metaphysics,形而上学,noun,名詞,,noun:1,45,42.42,False,fallback_noun,4,HS_Advanced,高2発展(速習),高3発展(標準),1,話題別英単語リンガメタリカ,HIGH,8,low_confidence(<60) | weak_evidence:fallback_noun | advanced_stage,,,,,,noun,名詞,prefill_keep_current_noun_margin1_sources1,auto_prefill,done,keep_current_noun_margin1_sources1,True,884
BATCH_04,4,WB009036,meteorite,meteorite,隕石,noun,名詞,,noun:1,45,42.42,False,fallback_noun,4,HS_Advanced,高2発展(速習),高3発展(標準),1,英検準1級単熟語EX 第2版,HIGH,8,low_confidence(<60) | weak_evidence:fallback_noun | advanced_stage,,,,,,noun,名詞,prefill_keep_current_noun_margin1_sources1,auto_prefill,done,keep_current_noun_margin1_sources1,True,885
BATCH_04,4,WB011571,methane,methane,メタン,noun,名詞,,noun:1,45,42.42,False,fallback_noun,4,HS_Advanced,高3最難関(速習),高3発展(標準),1,英検 1級 でる順パス単 5訂版,HIGH,8,low_confidence(<60) | weak_evidence:fallback_noun | advanced_stage,,,,,,noun,名詞,prefill_keep_current_noun_margin1_sources1,auto_prefill,done,keep_current_noun_margin1_sources1,True,886
BATCH_04,4,WB011588,microcredit,microcredit,マイクロクレジット、小口融資、マイクロローン,noun,名詞,,noun:1,45,42.42,False,fallback_noun,4,HS_Advanced,高3最難関(速習),高3発展(標準),1,英検 1級 でる順パス単 5訂版,HIGH,8,low_confidence(<60) | weak_evidence:fallback_noun | advanced_stage,,,,,,noun,名詞,prefill_keep_current_noun_margin1_sources1,auto_prefill,done,keep_current_noun_margin1_sources1,True,887
BATCH_04,4,WB009033,microeconomics,microeconomics,ミクロ経済学,noun,名詞,,noun:1,45,42.42,False,fallback_noun,4,HS_Advanced,高2発展(速習),高3発展(標準),1,話題別英単語リンガメタリカ,HIGH,8,low_confidence(<60) | weak_evidence:fallback_noun | advanced_stage,,,,,,noun,名詞,prefill_keep_current_noun_margin1_sources1,auto_prefill,done,keep_current_noun_margin1_sources1,True,888
BATCH_04,4,WB009008,middle-class,middle-class,中流階級(の),noun,名詞,,noun:1,45,42.42,False,fallback_noun,4,HS_Advanced,高2発展(速習),高3発展(標準),1,話題別英単語リンガメタリカ,HIGH,8,low_confidence(<60) | weak_evidence:fallback_noun | advanced_stage,,,,,,noun,名詞,prefill_keep_current_noun_margin1_sources1,auto_prefill,done,keep_current_noun_margin1_sources1,True,889
BATCH_04,4,WB011568,midwife,midwife,助産師、産婆、出産の補助者,noun,名詞,,noun:1,45,42.42,False,fallback_noun,4,HS_Advanced,高3最難関(速習),高3発展(標準),1,英検 1級 でる順パス単 5訂版,HIGH,8,low_confidence(<60) | weak_evidence:fallback_noun | advanced_stage,,,,,,noun,名詞,prefill_keep_current_noun_margin1_sources1,auto_prefill,done,keep_current_noun_margin1_sources1,True,890
BATCH_04,4,WB009026,migratory,migratory,渡り,noun,名詞,,noun:1,45,42.42,False,fallback_noun,4,HS_Advanced,高2発展(速習),高3発展(標準),1,話題別英単語リンガメタリカ,HIGH,8,low_confidence(<60) | weak_evidence:fallback_noun | advanced_stage,,,,,,noun,名詞,prefill_keep_current_noun_margin1_sources1,auto_prefill,done,keep_current_noun_margin1_sources1,True,891
BATCH_04,4,WB011576,militia,militia,民兵、自警団、準軍事組織,noun,名詞,,noun:1,45,42.42,False,fallback_noun,4,HS_Advanced,高3最難関(速習),高3発展(標準),1,英検 1級 でる順パス単 5訂版,HIGH,8,low_confidence(<60) | weak_evidence:fallback_noun | advanced_stage,,,,,,noun,名詞,prefill_keep_current_noun_margin1_sources1,auto_prefill,done,keep_current_noun_margin1_sources1,True,892
BATCH_04,4,WB009038,millenium,millenium,千年（紀）,noun,名詞,,noun:1,45,42.42,False,fallback_noun,4,HS_Advanced,高2発展(速習),高3発展(標準),1,英検準1級単熟語EX 第2版,HIGH,8,low_confidence(<60) | weak_evidence:fallback_noun | advanced_stage,,,,,,noun,名詞,prefill_keep_current_noun_margin1_sources1,auto_prefill,done,keep_current_noun_margin1_sources1,True,893
BATCH_04,4,WB011600,mining,mining,採鉱、採掘、鉱業,noun,名詞,,noun:1,45,42.42,False,fallback_noun,4,HS_Advanced,高3最難関(速習),高3発展(標準),1,コーパス4500 4th Edition,HIGH,8,low_confidence(<60) | weak_evidence:fallback_noun | advanced_stage,,,,,,noun,名詞,prefill_keep_current_noun_margin1_sources1,auto_prefill,done,keep_current_noun_margin1_sources1,True,894
BATCH_04,4,WB011604,minuteman,minuteman,民兵、緊急召集兵,noun,名詞,,noun:1,45,42.42,False,fallback_noun,4,HS_Advanced,高3最難関(速習),高3発展(標準),1,TOEFLテスト英単語3800,HIGH,8,low_confidence(<60) | weak_evidence:fallback_noun | advanced_stage,,,,,,noun,名詞,prefill_keep_current_noun_margin1_sources1,auto_prefill,done,keep_current_noun_margin1_sources1,True,895
BATCH_04,4,WB011605,mire,mire,泥沼、ぬかるみ、苦境,noun,名詞,,noun:1,45,42.42,False,fallback_noun,4,HS_Advanced,高3最難関(速習),高3発展(標準),1,TOEFLテスト英単語3800,HIGH,8,low_confidence(<60) | weak_evidence:fallback_noun | advanced_stage,,,,,,noun,名詞,prefill_keep_current_noun_margin1_sources1,auto_prefill,done,keep_current_noun_margin1_sources1,True,896
BATCH_04,4,WB011581,misdeed,misdeed,悪行、非行、犯罪,noun,名詞,,noun:1,45,42.42,False,fallback_noun,4,HS_Advanced,高3最難関(速習),高3発展(標準),1,速読英単語 上級編,HIGH,8,low_confidence(<60) | weak_evidence:fallback_noun | advanced_stage,,,,,,noun,名詞,prefill_keep_current_noun_margin1_sources1,auto_prefill,done,keep_current_noun_margin1_sources1,True,897
BATCH_04,4,WB009027,misdirect,misdirect,〜に誤った指導をする [誤って指図する],noun,名詞,,noun:1,45,42.42,False,fallback_noun,4,HS_Advanced,高2発展(速習),高3発展(標準),1,話題別英単語リンガメタリカ,HIGH,8,low_confidence(<60) | weak_evidence:fallback_noun | advanced_stage,,,,,,noun,名詞,prefill_keep_current_noun_margin1_sources1,auto_prefill,done,keep_current_noun_margin1_sources1,True,898
BATCH_04,4,WB011597,misgiving,misgiving,疑念、不安、心配,noun,名詞,,noun:1,45,42.42,False,fallback_noun,4,HS_Advanced,高3最難関(速習),高3発展(標準),1,英検 1級 でる順パス単 5訂版,HIGH,8,low_confidence(<60) | weak_evidence:fallback_noun | advanced_stage,,,,,,noun,名詞,prefill_keep_current_noun_margin1_sources1,auto_prefill,done,keep_current_noun_margin1_sources1,True,899
BATCH_04,4,WB011577,missile,missile,"ミサイル, 誘導弾, 飛翔体",noun,名詞,,noun:1,45,42.42,False,fallback_noun,4,HS_Advanced,高3最難関(速習),高3発展(標準),1,英検 1級 でる順パス単 5訂版,HIGH,8,low_confidence(<60) | weak_evidence:fallback_noun | advanced_stage,,,,,,noun,名詞,prefill_keep_current_noun_margin1_sources1,auto_prefill,done,keep_current_noun_margin1_sources1,True,900
BATCH_04,4,WB011579,missionary,missionary,宣教師、伝道者,noun,名詞,,noun:1,45,42.42,False,fallback_noun,4,HS_Advanced,高3最難関(速習),高3発展(標準),1,英検 1級 でる順パス単 5訂版,HIGH,8,low_confidence(<60) | weak_evidence:fallback_noun | advanced_stage,,,,,,noun,名詞,prefill_keep_current_noun_margin1_sources1,auto_prefill,done,keep_current_noun_margin1_sources1,True,901
BATCH_04,4,WB009039,missonary,missonary,伝道者、布教者,noun,名詞,,noun:1,45,42.42,False,fallback_noun,4,HS_Advanced,高2発展(速習),高3発展(標準),1,英検準1級単熟語EX 第2版,HIGH,8,low_confidence(<60) | weak_evidence:fallback_noun | advanced_stage,,,,,,noun,名詞,prefill_keep_current_noun_margin1_sources1,auto_prefill,done,keep_current_noun_margin1_sources1,True,902
BATCH_04,4,WB011608,moat,moat,堀、水堀,noun,名詞,,noun:1,45,42.42,False,fallback_noun,4,HS_Advanced,高3最難関(速習),高3発展(標準),1,TOEFLテスト英単語3800,HIGH,8,low_confidence(<60) | weak_evidence:fallback_noun | advanced_stage,,,,,,noun,名詞,prefill_keep_current_noun_margin1_sources1,auto_prefill,done,keep_current_noun_margin1_sources1,True,903
BATCH_04,4,WB009028,module,module,モジュール（交換可能な構成部分）,noun,名詞,,noun:1,45,42.42,False,fallback_noun,4,HS_Advanced,高2発展(速習),高3発展(標準),1,話題別英単語リンガメタリカ,HIGH,8,low_confidence(<60) | weak_evidence:fallback_noun | advanced_stage,,,,,,noun,名詞,prefill_keep_current_noun_margin1_sources1,auto_prefill,done,keep_current_noun_margin1_sources1,True,904
BATCH_04,4,WB011609,molasses,molasses,糖蜜,noun,名詞,,noun:1,45,42.42,False,fallback_noun,4,HS_Advanced,高3最難関(速習),高3発展(標準),1,TOEFLテスト英単語3800,HIGH,8,low_confidence(<60) | weak_evidence:fallback_noun | advanced_stage,,,,,,noun,名詞,prefill_keep_current_noun_margin1_sources1,auto_prefill,done,keep_current_noun_margin1_sources1,True,905
BATCH_04,4,WB011599,mole,mole,ほくろ、モグラ、スパイ,noun,名詞,,noun:1,45,42.42,False,fallback_noun,4,HS_Advanced,高3最難関(速習),高3発展(標準),1,TOEFLテスト英単語3800,HIGH,8,low_confidence(<60) | weak_evidence:fallback_noun | advanced_stage,,,,,,noun,名詞,prefill_keep_current_noun_margin1_sources1,auto_prefill,done,keep_current_noun_margin1_sources1,True,906
BATCH_04,4,WB011586,monastery,monastery,修道院、寺院、修道士の住居,noun,名詞,,noun:1,45,42.42,False,fallback_noun,4,HS_Advanced,高3最難関(速習),高3発展(標準),1,英検 1級 でる順パス単 5訂版,HIGH,8,low_confidence(<60) | weak_evidence:fallback_noun | advanced_stage,,,,,,noun,名詞,prefill_keep_current_noun_margin1_sources1,auto_prefill,done,keep_current_noun_margin1_sources1,True,907
BATCH_04,4,WB011578,monologue,monologue,独白,noun,名詞,,noun:1,45,42.42,False,fallback_noun,4,HS_Advanced,高3最難関(速習),高3発展(標準),1,鉄緑会 東大英単語熟語 鉄壁,HIGH,8,low_confidence(<60) | weak_evidence:fallback_noun | advanced_stage,,,,,,noun,名詞,prefill_keep_current_noun_margin1_sources1,auto_prefill,done,keep_current_noun_margin1_sources1,True,908
BATCH_04,4,WB011616,moratorium,moratorium,一時停止、中断、モラトリアム,noun,名詞,,noun:1,45,42.42,False,fallback_noun,4,HS_Advanced,高3最難関(速習),高3発展(標準),1,TOEFLテスト英単語3800,HIGH,8,low_confidence(<60) | weak_evidence:fallback_noun | advanced_stage,,,,,,noun,名詞,prefill_keep_current_noun_margin1_sources1,auto_prefill,done,keep_current_noun_margin1_sources1,True,909
BATCH_04,4,WB009017,morpheme,morpheme,形態素,noun,名詞,,noun:1,45,42.42,False,fallback_noun,4,HS_Advanced,高2発展(速習),高3発展(標準),1,話題別英単語リンガメタリカ,HIGH,8,low_confidence(<60) | weak_evidence:fallback_noun | advanced_stage,,,,,,noun,名詞,prefill_keep_current_noun_margin1_sources1,auto_prefill,done,keep_current_noun_margin1_sources1,True,910
BATCH_04,4,WB009014,morphine,morphine,モルヒネ,noun,名詞,,noun:1,45,42.42,False,fallback_noun,4,HS_Advanced,高2発展(速習),高3発展(標準),1,話題別英単語リンガメタリカ,HIGH,8,low_confidence(<60) | weak_evidence:fallback_noun | advanced_stage,,,,,,noun,名詞,prefill_keep_current_noun_margin1_sources1,auto_prefill,done,keep_current_noun_margin1_sources1,True,911
BATCH_04,4,WB011584,morsel,morsel,ひとくち、ひとかけら、かけら,noun,名詞,,noun:1,45,42.42,False,fallback_noun,4,HS_Advanced,高3最難関(速習),高3発展(標準),1,英検 1級 でる順パス単 5訂版,HIGH,8,low_confidence(<60) | weak_evidence:fallback_noun | advanced_stage,,,,,,noun,名詞,prefill_keep_current_noun_margin1_sources1,auto_prefill,done,keep_current_noun_margin1_sources1,True,912
BATCH_04,4,WB011574,motif,motif,モチーフ、テーマ、主題,noun,名詞,,noun:1,45,42.42,False,fallback_noun,4,HS_Advanced,高3最難関(速習),高3発展(標準),1,TOEFLテスト英単語3800,HIGH,8,low_confidence(<60) | weak_evidence:fallback_noun | advanced_stage,,,,,,noun,名詞,prefill_keep_current_noun_margin1_sources1,auto_prefill,done,keep_current_noun_margin1_sources1,True,913
BATCH_04,4,WB009011,muddy,muddy,泥の、泥だらけの,noun,名詞,,noun:1,45,42.42,False,fallback_noun,4,HS_Advanced,高2発展(速習),高3発展(標準),1,英検準1級単熟語EX 第2版,HIGH,8,low_confidence(<60) | weak_evidence:fallback_noun | advanced_stage,,,,,,noun,名詞,prefill_keep_current_noun_margin1_sources1,auto_prefill,done,keep_current_noun_margin1_sources1,True,914
BATCH_04,4,WB009034,myopia,myopia,近視、近眼,noun,名詞,,noun:1,45,42.42,False,fallback_noun,4,HS_Advanced,高2発展(速習),高3発展(標準),1,話題別英単語リンガメタリカ,HIGH,8,low_confidence(<60) | weak_evidence:fallback_noun | advanced_stage,,,,,,noun,名詞,prefill_keep_current_noun_margin1_sources1,auto_prefill,done,keep_current_noun_margin1_sources1,True,915
BATCH_04,4,WB009041,name-calling,name-calling,悪口、中傷,noun,名詞,,noun:1,45,42.42,False,fallback_noun,4,HS_Advanced,高2発展(速習),高3発展(標準),1,話題別英単語リンガメタリカ,HIGH,8,low_confidence(<60) | weak_evidence:fallback_noun | advanced_stage,,,,,,noun,名詞,prefill_keep_current_noun_margin1_sources1,auto_prefill,done,keep_current_noun_margin1_sources1,True,916
BATCH_04,4,WB011617,nanoparticle,nanoparticle,ナノ粒子、微小粒子,noun,名詞,,noun:1,45,42.42,False,fallback_noun,4,HS_Advanced,高3最難関(速習),高3発展(標準),1,英検 1級 でる順パス単 5訂版,HIGH,8,low_confidence(<60) | weak_evidence:fallback_noun | advanced_stage,,,,,,noun,名詞,prefill_keep_current_noun_margin1_sources1,auto_prefill,done,keep_current_noun_margin1_sources1,True,917
BATCH_04,4,WB011624,nanotechnology,nanotechnology,ナノテクノロジー、超微細技術、ナノ科学,noun,名詞,,noun:1,45,42.42,False,fallback_noun,4,HS_Advanced,高3最難関(速習),高3発展(標準),1,英検 1級 でる順パス単 5訂版,HIGH,8,low_confidence(<60) | weak_evidence:fallback_noun | advanced_stage,,,,,,noun,名詞,prefill_keep_current_noun_margin1_sources1,auto_prefill,done,keep_current_noun_margin1_sources1,True,918
BATCH_04,4,WB011627,nausea,nausea,吐き気、嘔吐、むかつき,noun,名詞,,noun:1,45,42.42,False,fallback_noun,4,HS_Advanced,高3最難関(速習),高3発展(標準),1,英検 1級 でる順パス単 5訂版,HIGH,8,low_confidence(<60) | weak_evidence:fallback_noun | advanced_stage,,,,,,noun,名詞,prefill_keep_current_noun_margin1_sources1,auto_prefill,done,keep_current_noun_margin1_sources1,True,919
BATCH_04,4,WB011634,navel,navel,ヘそ,noun,名詞,,noun:1,45,42.42,False,fallback_noun,4,HS_Advanced,高3最難関(速習),高3発展(標準),1,TOEFLテスト英単語3800,HIGH,8,low_confidence(<60) | weak_evidence:fallback_noun | advanced_stage,,,,,,noun,名詞,prefill_keep_current_noun_margin1_sources1,auto_prefill,done,keep_current_noun_margin1_sources1,True,920
BATCH_04,4,WB011620,nebula,nebula,星雲、ネブラ、ガス雲,noun,名詞,,noun:1,45,42.42,False,fallback_noun,4,HS_Advanced,高3最難関(速習),高3発展(標準),1,TOEFLテスト英単語3800,HIGH,8,low_confidence(<60) | weak_evidence:fallback_noun | advanced_stage,,,,,,noun,名詞,prefill_keep_current_noun_margin1_sources1,auto_prefill,done,keep_current_noun_margin1_sources1,True,921
BATCH_04,4,WB011640,neurosis,neurosis,神経症、神経質、精神的症状,noun,名詞,,noun:1,45,42.42,False,fallback_noun,4,HS_Advanced,高3最難関(速習),高3発展(標準),1,TOEFLテスト英単語3800,HIGH,8,low_confidence(<60) | weak_evidence:fallback_noun | advanced_stage,,,,,,noun,名詞,prefill_keep_current_noun_margin1_sources1,auto_prefill,done,keep_current_noun_margin1_sources1,True,922
BATCH_04,4,WB011621,niche,niche,ニッチ、特定の場所、隙間市場,noun,名詞,,noun:1,45,42.42,False,fallback_noun,4,HS_Advanced,高3最難関(速習),高3発展(標準),1,英検 1級 でる順パス単 5訂版,HIGH,8,low_confidence(<60) | weak_evidence:fallback_noun | advanced_stage,,,,,,noun,名詞,prefill_keep_current_noun_margin1_sources1,auto_prefill,done,keep_current_noun_margin1_sources1,True,923
BATCH_04,4,WB011628,nighttime,nighttime,夜間、夜、夜の時間,noun,名詞,,noun:1,45,42.42,False,fallback_noun,4,HS_Advanced,高3最難関(速習),高3発展(標準),1,TOEFLテスト英単語3800,HIGH,8,low_confidence(<60) | weak_evidence:fallback_noun | advanced_stage,,,,,,noun,名詞,prefill_keep_current_noun_margin1_sources1,auto_prefill,done,keep_current_noun_margin1_sources1,True,924
BATCH_04,4,WB011631,nostalgia,nostalgia,懐かしさ、ノスタルジー,noun,名詞,,noun:1,45,42.42,False,fallback_noun,4,HS_Advanced,高3最難関(速習),高3発展(標準),1,TOEFLテスト英単語3800,HIGH,8,low_confidence(<60) | weak_evidence:fallback_noun | advanced_stage,,,,,,noun,名詞,prefill_keep_current_noun_margin1_sources1,auto_prefill,done,keep_current_noun_margin1_sources1,True,925
BATCH_04,4,WB011635,notch,notch,切り込み、ノッチ,noun,名詞,,noun:1,45,42.42,False,fallback_noun,4,HS_Advanced,高3最難関(速習),高3発展(標準),1,TOEFLテスト英単語3800,HIGH,8,low_confidence(<60) | weak_evidence:fallback_noun | advanced_stage,,,,,,noun,名詞,prefill_keep_current_noun_margin1_sources1,auto_prefill,done,keep_current_noun_margin1_sources1,True,926
BATCH_04,4,WB011632,notoriety,notoriety,悪評、悪評,noun,名詞,,noun:1,45,42.42,False,fallback_noun,4,HS_Advanced,高3最難関(速習),高3発展(標準),1,TOEFLテスト英単語3800,HIGH,8,low_confidence(<60) | weak_evidence:fallback_noun | advanced_stage,,,,,,noun,名詞,prefill_keep_current_noun_margin1_sources1,auto_prefill,done,keep_current_noun_margin1_sources1,True,927
BATCH_04,4,WB011630,notwithstanding,notwithstanding,それにもかかわらず,noun,名詞,,noun:1,45,42.42,False,fallback_noun,4,HS_Advanced,高3最難関(速習),高3発展(標準),1,鉄緑会 東大英単語熟語 鉄壁,HIGH,8,low_confidence(<60) | weak_evidence:fallback_noun | advanced_stage,,,,,,noun,名詞,prefill_keep_current_noun_margin1_sources1,auto_prefill,done,keep_current_noun_margin1_sources1,True,928
BATCH_04,4,WB009044,novice,novice,初心者、新参者、新米,noun,名詞,,noun:1,45,42.42,False,fallback_noun,4,HS_Advanced,高2発展(速習),高3発展(標準),1,TOEIC Gold Phrases 金のフレーズ,HIGH,8,low_confidence(<60) | weak_evidence:fallback_noun | advanced_stage,,,,,,noun,名詞,prefill_keep_current_noun_margin1_sources1,auto_prefill,done,keep_current_noun_margin1_sources1,True,929
BATCH_04,4,WB011638,nucleotide,nucleotide,ヌクレオチド,noun,名詞,,noun:1,45,42.42,False,fallback_noun,4,HS_Advanced,高3最難関(速習),高3発展(標準),1,TOEFLテスト英単語3800,HIGH,8,low_confidence(<60) | weak_evidence:fallback_noun | advanced_stage,,,,,,noun,名詞,prefill_keep_current_noun_margin1_sources1,auto_prefill,done,keep_current_noun_margin1_sources1,True,930
BATCH_04,4,WB011636,,,無効、取消し、無価値,noun,名詞,,noun:1,45,42.42,False,fallback_noun,4,HS_Advanced,高3最難関(速習),高3発展(標準),1,TOEFLテスト英単語3800,HIGH,8,low_confidence(<60) | weak_evidence:fallback_noun | advanced_stage,,,,,,noun,名詞,prefill_keep_current_noun_margin1_sources1,auto_prefill,done,keep_current_noun_margin1_sources1,True,931
BATCH_04,4,WB011622,nun,nun,修道女、尼僧,noun,名詞,,noun:1,45,42.42,False,fallback_noun,4,HS_Advanced,高3最難関(速習),高3発展(標準),1,速読英単語 上級編,HIGH,8,low_confidence(<60) | weak_evidence:fallback_noun | advanced_stage,,,,,,noun,名詞,prefill_keep_current_noun_margin1_sources1,auto_prefill,done,keep_current_noun_margin1_sources1,True,932
BATCH_04,4,WB011657,oak,oak,オーク、樫の木、堅木,noun,名詞,,noun:1,45,42.42,False,fallback_noun,4,HS_Advanced,高3最難関(速習),高3発展(標準),1,TOEFLテスト英単語3800,HIGH,8,low_confidence(<60) | weak_evidence:fallback_noun | advanced_stage,,,,,,noun,名詞,prefill_keep_current_noun_margin1_sources1,auto_prefill,done,keep_current_noun_margin1_sources1,True,933
BATCH_04,4,WB011672,obelisk,obelisk,オベリスク、記念柱,noun,名詞,,noun:1,45,42.42,False,fallback_noun,4,HS_Advanced,高3最難関(速習),高3発展(標準),1,TOEFLテスト英単語3800,HIGH,8,low_confidence(<60) | weak_evidence:fallback_noun | advanced_stage,,,,,,noun,名詞,prefill_keep_current_noun_margin1_sources1,auto_prefill,done,keep_current_noun_margin1_sources1,True,934
BATCH_04,4,WB011663,oblique,oblique,斜めの、傾いた,noun,名詞,,noun:1,45,42.42,False,fallback_noun,4,HS_Advanced,高3最難関(速習),高3発展(標準),1,TOEFLテスト英単語3800,HIGH,8,low_confidence(<60) | weak_evidence:fallback_noun | advanced_stage,,,,,,noun,名詞,prefill_keep_current_noun_margin1_sources1,auto_prefill,done,keep_current_noun_margin1_sources1,True,935
BATCH_04,4,WB011642,observatory,observatory,天文台、観測所、観察所,noun,名詞,,noun:1,45,42.42,False,fallback_noun,4,HS_Advanced,高3最難関(速習),高3発展(標準),1,TOEFLテスト英単語3800,HIGH,8,low_confidence(<60) | weak_evidence:fallback_noun | advanced_stage,,,,,,noun,名詞,prefill_keep_current_noun_margin1_sources1,auto_prefill,done,keep_current_noun_margin1_sources1,True,936
BATCH_04,4,WB011671,Occident,occident,西洋、欧米,noun,名詞,,noun:1,45,42.42,False,fallback_noun,4,HS_Advanced,高3最難関(速習),高3発展(標準),1,TOEFLテスト英単語3800,HIGH,8,low_confidence(<60) | weak_evidence:fallback_noun | advanced_stage,,,,,,noun,名詞,prefill_keep_current_noun_margin1_sources1,auto_prefill,done,keep_current_noun_margin1_sources1,True,937
BATCH_04,4,WB009062,occupancy,occupancy,占有、居住、在職,noun,名詞,,noun:1,45,42.42,False,fallback_noun,4,HS_Advanced,高2発展(速習),高3発展(標準),1,TOEIC Gold Phrases 金のフレーズ,HIGH,8,low_confidence(<60) | weak_evidence:fallback_noun | advanced_stage,,,,,,noun,名詞,prefill_keep_current_noun_margin1_sources1,auto_prefill,done,keep_current_noun_margin1_sources1,True,938
BATCH_04,4,WB011651,occupant,occupant,占有者、居住者、占拠者,noun,名詞,,noun:1,45,42.42,False,fallback_noun,4,HS_Advanced,高3最難関(速習),高3発展(標準),1,英検 1級 でる順パス単 5訂版,HIGH,8,low_confidence(<60) | weak_evidence:fallback_noun | advanced_stage,,,,,,noun,名詞,prefill_keep_current_noun_margin1_sources1,auto_prefill,done,keep_current_noun_margin1_sources1,True,939
BATCH_04,4,WB009054,occupied,occupied,占有された、使用中の、取り込み中の,noun,名詞,,noun:1,45,42.42,False,fallback_noun,4,HS_Advanced,高2発展(速習),高3発展(標準),1,TOEIC Gold Phrases 金のフレーズ,HIGH,8,low_confidence(<60) | weak_evidence:fallback_noun | advanced_stage,,,,,,noun,名詞,prefill_keep_current_noun_margin1_sources1,auto_prefill,done,keep_current_noun_margin1_sources1,True,940
BATCH_04,4,WB011669,odyssey,odyssey,漂泊、放浪,noun,名詞,,noun:1,45,42.42,False,fallback_noun,4,HS_Advanced,高3最難関(速習),高3発展(標準),1,TOEFLテスト英単語3800,HIGH,8,low_confidence(<60) | weak_evidence:fallback_noun | advanced_stage,,,,,,noun,名詞,prefill_keep_current_noun_margin1_sources1,auto_prefill,done,keep_current_noun_margin1_sources1,True,941
BATCH_04,4,WB011652,offense,offense,違反、犯罪、攻撃,noun,名詞,,noun:1,45,42.42,False,fallback_noun,4,HS_Advanced,高3最難関(速習),高3発展(標準),1,英検 1級 でる順パス単 5訂版,HIGH,8,low_confidence(<60) | weak_evidence:fallback_noun | advanced_stage,,,,,,noun,名詞,prefill_keep_current_noun_margin1_sources1,auto_prefill,done,keep_current_noun_margin1_sources1,True,942
BATCH_04,4,WB011665,offshore,offshore,沖合の、沖の,noun,名詞,,noun:1,45,42.42,False,fallback_noun,4,HS_Advanced,高3最難関(速習),高3発展(標準),1,TOEFLテスト英単語3800,HIGH,8,low_confidence(<60) | weak_evidence:fallback_noun | advanced_stage,,,,,,noun,名詞,prefill_keep_current_noun_margin1_sources1,auto_prefill,done,keep_current_noun_margin1_sources1,True,943
BATCH_04,4,WB011649,omniscient,omniscient,全知の、無知の、全知の,noun,名詞,,noun:1,45,42.42,False,fallback_noun,4,HS_Advanced,高3最難関(速習),高3発展(標準),1,英検 1級 でる順パス単 5訂版,HIGH,8,low_confidence(<60) | weak_evidence:fallback_noun | advanced_stage,,,,,,noun,名詞,prefill_keep_current_noun_margin1_sources1,auto_prefill,done,keep_current_noun_margin1_sources1,True,944
BATCH_04,4,WB009058,on-site,on-site,現場の、その場所の、現地の,noun,名詞,,noun:1,45,42.42,False,fallback_noun,4,HS_Advanced,高2発展(速習),高3発展(標準),1,TOEIC Gold Phrases 金のフレーズ,HIGH,8,low_confidence(<60) | weak_evidence:fallback_noun | advanced_stage,,,,,,noun,名詞,prefill_keep_current_noun_margin1_sources1,auto_prefill,done,keep_current_noun_margin1_sources1,True,945
BATCH_04,4,WB009073,on-the-job,on-the-job,実地の、職場での,noun,名詞,,noun:1,45,42.42,False,fallback_noun,4,HS_Advanced,高2発展(速習),高3発展(標準),1,英検 準1級 でる順パス単 5訂版,HIGH,8,low_confidence(<60) | weak_evidence:fallback_noun | advanced_stage,,,,,,noun,名詞,prefill_keep_current_noun_margin1_sources1,auto_prefill,done,keep_current_noun_margin1_sources1,True,946
BATCH_04,4,WB009052,onomatopoeia,onomatopoeia,擬声語（擬音語）,noun,名詞,,noun:1,45,42.42,False,fallback_noun,4,HS_Advanced,高2発展(速習),高3発展(標準),1,話題別英単語リンガメタリカ,HIGH,8,low_confidence(<60) | weak_evidence:fallback_noun | advanced_stage,,,,,,noun,名詞,prefill_keep_current_noun_margin1_sources1,auto_prefill,done,keep_current_noun_margin1_sources1,True,947
BATCH_04,4,WB011648,onslaught,onslaught,猛攻、強襲、襲撃,noun,名詞,,noun:1,45,42.42,False,fallback_noun,4,HS_Advanced,高3最難関(速習),高3発展(標準),1,英検 1級 でる順パス単 5訂版,HIGH,8,low_confidence(<60) | weak_evidence:fallback_noun | advanced_stage,,,,,,noun,名詞,prefill_keep_current_noun_margin1_sources1,auto_prefill,done,keep_current_noun_margin1_sources1,True,948
BATCH_04,4,WB009065,ontology,ontology,存在論,noun,名詞,,noun:1,45,42.42,False,fallback_noun,4,HS_Advanced,高2発展(速習),高3発展(標準),1,話題別英単語リンガメタリカ,HIGH,8,low_confidence(<60) | weak_evidence:fallback_noun | advanced_stage,,,,,,noun,名詞,prefill_keep_current_noun_margin1_sources1,auto_prefill,done,keep_current_noun_margin1_sources1,True,949
BATCH_04,4,WB011674,orifice,orifice,開口部、穴,noun,名詞,,noun:1,45,42.42,False,fallback_noun,4,HS_Advanced,高3最難関(速習),高3発展(標準),1,TOEFLテスト英単語3800,HIGH,8,low_confidence(<60) | weak_evidence:fallback_noun | advanced_stage,,,,,,noun,名詞,prefill_keep_current_noun_margin1_sources1,auto_prefill,done,keep_current_noun_margin1_sources1,True,950
BATCH_04,4,WB009074,outburst,outburst,（火山・怒り・笑いの）爆発,noun,名詞,,noun:1,45,42.42,False,fallback_noun,4,HS_Advanced,高2発展(速習),高3発展(標準),1,英検 準1級 でる順パス単 5訂版,HIGH,8,low_confidence(<60) | weak_evidence:fallback_noun | advanced_stage,,,,,,noun,名詞,prefill_keep_current_noun_margin1_sources1,auto_prefill,done,keep_current_noun_margin1_sources1,True,951
BATCH_04,4,WB011673,outermost,outermost,最も外側の,noun,名詞,,noun:1,45,42.42,False,fallback_noun,4,HS_Advanced,高3最難関(速習),高3発展(標準),1,TOEFLテスト英単語3800,HIGH,8,low_confidence(<60) | weak_evidence:fallback_noun | advanced_stage,,,,,,noun,名詞,prefill_keep_current_noun_margin1_sources1,auto_prefill,done,keep_current_noun_margin1_sources1,True,952
BATCH_04,4,WB009059,outing,outing,行楽、遠足、外出,noun,名詞,,noun:1,45,42.42,False,fallback_noun,4,HS_Advanced,高2発展(速習),高3発展(標準),1,TOEIC Gold Phrases 金のフレーズ,HIGH,8,low_confidence(<60) | weak_evidence:fallback_noun | advanced_stage,,,,,,noun,名詞,prefill_keep_current_noun_margin1_sources1,auto_prefill,done,keep_current_noun_margin1_sources1,True,953
BATCH_04,4,WB011655,outlay,outlay,経費、費用、支出,noun,名詞,,noun:1,45,42.42,False,fallback_noun,4,HS_Advanced,高3最難関(速習),高3発展(標準),1,英検 1級 でる順パス単 5訂版,HIGH,8,low_confidence(<60) | weak_evidence:fallback_noun | advanced_stage,,,,,,noun,名詞,prefill_keep_current_noun_margin1_sources1,auto_prefill,done,keep_current_noun_margin1_sources1,True,954
BATCH_04,4,WB009064,outreach,outreach,働きかけ、奉仕活動、福祉活動,noun,名詞,,noun:1,45,42.42,False,fallback_noun,4,HS_Advanced,高2発展(速習),高3発展(標準),1,TOEIC Gold Phrases 金のフレーズ,HIGH,8,low_confidence(<60) | weak_evidence:fallback_noun | advanced_stage,,,,,,noun,名詞,prefill_keep_current_noun_margin1_sources1,auto_prefill,done,keep_current_noun_margin1_sources1,True,955
BATCH_04,4,WB011664,outset,outset,始まり、発端,noun,名詞,,noun:1,45,42.42,False,fallback_noun,4,HS_Advanced,高3最難関(速習),高3発展(標準),1,TOEFLテスト英単語3800,HIGH,8,low_confidence(<60) | weak_evidence:fallback_noun | advanced_stage,,,,,,noun,名詞,prefill_keep_current_noun_margin1_sources1,auto_prefill,done,keep_current_noun_margin1_sources1,True,956
BATCH_04,4,WB011656,overuse,overuse,"過度の使用, 乱用, 過剰使用",noun,名詞,,noun:1,45,42.42,False,fallback_noun,4,HS_Advanced,高3最難関(速習),高3発展(標準),1,英検 1級 でる順パス単 5訂版,HIGH,8,low_confidence(<60) | weak_evidence:fallback_noun | advanced_stage,,,,,,noun,名詞,prefill_keep_current_noun_margin1_sources1,auto_prefill,done,keep_current_noun_margin1_sources1,True,957
BATCH_04,4,WB009078,packaging,packaging,包装、梱包、パッケージ,noun,名詞,,noun:1,45,42.42,False,fallback_noun,4,HS_Advanced,高2発展(速習),高3発展(標準),1,TOEIC Gold Phrases 金のフレーズ,HIGH,8,low_confidence(<60) | weak_evidence:fallback_noun | advanced_stage,,,,,,noun,名詞,prefill_keep_current_noun_margin1_sources1,auto_prefill,done,keep_current_noun_margin1_sources1,True,958
BATCH_04,4,WB009077,paid,paid,支払済みの、有料の、報酬を受けた,noun,名詞,,noun:1,45,42.42,False,fallback_noun,4,HS_Advanced,高2発展(速習),高3発展(標準),1,TOEIC Gold Phrases 金のフレーズ,HIGH,8,low_confidence(<60) | weak_evidence:fallback_noun | advanced_stage,,,,,,noun,名詞,prefill_keep_current_noun_margin1_sources1,auto_prefill,done,keep_current_noun_margin1_sources1,True,959
BATCH_04,4,WB009096,paranoid,paranoid,被害（誇大）妄想の,noun,名詞,,noun:1,45,42.42,False,fallback_noun,4,HS_Advanced,高2発展(速習),高3発展(標準),1,英検準1級単熟語EX 第2版,HIGH,8,low_confidence(<60) | weak_evidence:fallback_noun | advanced_stage,,,,,,noun,名詞,prefill_keep_current_noun_margin1_sources1,auto_prefill,done,keep_current_noun_margin1_sources1,True,960
BATCH_04,4,WB011706,parliamentary,parliamentary,議会の、国会の、議会制度の,noun,名詞,,noun:1,45,42.42,False,fallback_noun,4,HS_Advanced,高3最難関(速習),高3発展(標準),1,英検 1級 でる順パス単 5訂版,HIGH,8,low_confidence(<60) | weak_evidence:fallback_noun | advanced_stage,,,,,,noun,名詞,prefill_keep_current_noun_margin1_sources1,auto_prefill,done,keep_current_noun_margin1_sources1,True,961
BATCH_04,4,WB009119,parole,parole,執行猶予、仮釈放,noun,名詞,,noun:1,45,42.42,False,fallback_noun,4,HS_Advanced,高2発展(速習),高3発展(標準),1,話題別英単語リンガメタリカ,HIGH,8,low_confidence(<60) | weak_evidence:fallback_noun | advanced_stage,,,,,,noun,名詞,prefill_keep_current_noun_margin1_sources1,auto_prefill,done,keep_current_noun_margin1_sources1,True,962
BATCH_04,4,WB009093,pastry,pastry,ペストリー、菓子パン,noun,名詞,,noun:1,45,42.42,False,fallback_noun,4,HS_Advanced,高2発展(速習),高3発展(標準),1,TOEIC Gold Phrases 金のフレーズ,HIGH,8,low_confidence(<60) | weak_evidence:fallback_noun | advanced_stage,,,,,,noun,名詞,prefill_keep_current_noun_margin1_sources1,auto_prefill,done,keep_current_noun_margin1_sources1,True,963
BATCH_04,4,WB011754,pathology,pathology,病理学,noun,名詞,,noun:1,45,42.42,False,fallback_noun,4,HS_Advanced,高3最難関(速習),高3発展(標準),1,TOEFLテスト英単語3800,HIGH,8,low_confidence(<60) | weak_evidence:fallback_noun | advanced_stage,,,,,,noun,名詞,prefill_keep_current_noun_margin1_sources1,auto_prefill,done,keep_current_noun_margin1_sources1,True,964
BATCH_04,4,WB011772,pathos,pathos,感動、哀愁、情感,noun,名詞,,noun:1,45,42.42,False,fallback_noun,4,HS_Advanced,高3最難関(速習),高3発展(標準),1,TOEFLテスト英単語3800,HIGH,8,low_confidence(<60) | weak_evidence:fallback_noun | advanced_stage,,,,,,noun,名詞,prefill_keep_current_noun_margin1_sources1,auto_prefill,done,keep_current_noun_margin1_sources1,True,965
BATCH_04,4,WB009108,pathway,pathway,小道、細道,noun,名詞,,noun:1,45,42.42,False,fallback_noun,4,HS_Advanced,高2発展(速習),高3発展(標準),1,英検 準1級 でる順パス単 5訂版,HIGH,8,low_confidence(<60) | weak_evidence:fallback_noun | advanced_stage,,,,,,noun,名詞,prefill_keep_current_noun_margin1_sources1,auto_prefill,done,keep_current_noun_margin1_sources1,True,966
BATCH_04,4,WB009148,pegeant,pegeant,（歴史的事件を扱った）野外劇、ページェント,noun,名詞,,noun:1,45,42.42,False,fallback_noun,4,HS_Advanced,高2発展(速習),高3発展(標準),1,英検準1級単熟語EX 第2版,HIGH,8,low_confidence(<60) | weak_evidence:fallback_noun | advanced_stage,,,,,,noun,名詞,prefill_keep_current_noun_margin1_sources1,auto_prefill,done,keep_current_noun_margin1_sources1,True,967
BATCH_04,4,WB011717,penchant,penchant,傾向、好み,noun,名詞,,noun:1,45,42.42,False,fallback_noun,4,HS_Advanced,高3最難関(速習),高3発展(標準),1,英検 1級 でる順パス単 5訂版,HIGH,8,low_confidence(<60) | weak_evidence:fallback_noun | advanced_stage,,,,,,noun,名詞,prefill_keep_current_noun_margin1_sources1,auto_prefill,done,keep_current_noun_margin1_sources1,True,968
BATCH_04,4,WB011723,pending,pending,保留中の、未決定の、懸案の,noun,名詞,,noun:1,45,42.42,False,fallback_noun,4,HS_Advanced,高3最難関(速習),高3発展(標準),1,TOEFLテスト英単語3800,HIGH,8,low_confidence(<60) | weak_evidence:fallback_noun | advanced_stage,,,,,,noun,名詞,prefill_keep_current_noun_margin1_sources1,auto_prefill,done,keep_current_noun_margin1_sources1,True,969
BATCH_04,4,WB011696,penitentiary,penitentiary,刑務所、監獄、収容所,noun,名詞,,noun:1,45,42.42,False,fallback_noun,4,HS_Advanced,高3最難関(速習),高3発展(標準),1,英検 1級 でる順パス単 5訂版,HIGH,8,low_confidence(<60) | weak_evidence:fallback_noun | advanced_stage,,,,,,noun,名詞,prefill_keep_current_noun_margin1_sources1,auto_prefill,done,keep_current_noun_margin1_sources1,True,970
BATCH_04,4,WB011716,perk,perk,特典、臨時収益,noun,名詞,,noun:1,45,42.42,False,fallback_noun,4,HS_Advanced,高3最難関(速習),高3発展(標準),1,英検 1級 でる順パス単 5訂版,HIGH,8,low_confidence(<60) | weak_evidence:fallback_noun | advanced_stage,,,,,,noun,名詞,prefill_keep_current_noun_margin1_sources1,auto_prefill,done,keep_current_noun_margin1_sources1,True,971
BATCH_04,4,WB011758,perquisite,perquisite,手当、特典、臨時収入,noun,名詞,,noun:1,45,42.42,False,fallback_noun,4,HS_Advanced,高3最難関(速習),高3発展(標準),1,TOEFLテスト英単語3800,HIGH,8,low_confidence(<60) | weak_evidence:fallback_noun | advanced_stage,,,,,,noun,名詞,prefill_keep_current_noun_margin1_sources1,auto_prefill,done,keep_current_noun_margin1_sources1,True,972
BATCH_04,4,WB011712,petrified,petrified,石化した、石のように硬い、こわばった,noun,名詞,,noun:1,45,42.42,False,fallback_noun,4,HS_Advanced,高3最難関(速習),高3発展(標準),1,英検 1級 でる順パス単 5訂版,HIGH,8,low_confidence(<60) | weak_evidence:fallback_noun | advanced_stage,,,,,,noun,名詞,prefill_keep_current_noun_margin1_sources1,auto_prefill,done,keep_current_noun_margin1_sources1,True,973
BATCH_04,4,WB009107,phantom,phantom,幽霊の、幻の／幽霊、幻、幻影,noun,名詞,,noun:1,45,42.42,False,fallback_noun,4,HS_Advanced,高2発展(速習),高3発展(標準),1,話題別英単語リンガメタリカ,HIGH,8,low_confidence(<60) | weak_evidence:fallback_noun | advanced_stage,,,,,,noun,名詞,prefill_keep_current_noun_margin1_sources1,auto_prefill,done,keep_current_noun_margin1_sources1,True,974
BATCH_04,4,WB011757,pheasant,pheasant,雉,noun,名詞,,noun:1,45,42.42,False,fallback_noun,4,HS_Advanced,高3最難関(速習),高3発展(標準),1,TOEFLテスト英単語3800,HIGH,8,low_confidence(<60) | weak_evidence:fallback_noun | advanced_stage,,,,,,noun,名詞,prefill_keep_current_noun_margin1_sources1,auto_prefill,done,keep_current_noun_margin1_sources1,True,975
BATCH_04,4,WB011708,phenomena,phenomena,現象、事象、現象群,noun,名詞,,noun:1,45,42.42,False,fallback_noun,4,HS_Advanced,高3最難関(速習),高3発展(標準),1,TOEFLテスト英単語3800,HIGH,8,low_confidence(<60) | weak_evidence:fallback_noun | advanced_stage,,,,,,noun,名詞,prefill_keep_current_noun_margin1_sources1,auto_prefill,done,keep_current_noun_margin1_sources1,True,976
BATCH_04,4,WB009090,phenomenology,phenomenology,現象学,noun,名詞,,noun:1,45,42.42,False,fallback_noun,4,HS_Advanced,高2発展(速習),高3発展(標準),1,話題別英単語リンガメタリカ,HIGH,8,low_confidence(<60) | weak_evidence:fallback_noun | advanced_stage,,,,,,noun,名詞,prefill_keep_current_noun_margin1_sources1,auto_prefill,done,keep_current_noun_margin1_sources1,True,977
BATCH_04,4,WB009137,philology,philology,文献学、言語学,noun,名詞,,noun:1,45,42.42,False,fallback_noun,4,HS_Advanced,高2発展(速習),高3発展(標準),1,話題別英単語リンガメタリカ,HIGH,8,low_confidence(<60) | weak_evidence:fallback_noun | advanced_stage,,,,,,noun,名詞,prefill_keep_current_noun_margin1_sources1,auto_prefill,done,keep_current_noun_margin1_sources1,True,978
BATCH_04,4,WB009088,phoneme,phoneme,音素,noun,名詞,,noun:1,45,42.42,False,fallback_noun,4,HS_Advanced,高2発展(速習),高3発展(標準),1,話題別英単語リンガメタリカ,HIGH,8,low_confidence(<60) | weak_evidence:fallback_noun | advanced_stage,,,,,,noun,名詞,prefill_keep_current_noun_margin1_sources1,auto_prefill,done,keep_current_noun_margin1_sources1,True,979
BATCH_04,4,WB011768,phonetics,phonetics,音声学,noun,名詞,,noun:1,45,42.42,False,fallback_noun,4,HS_Advanced,高3最難関(速習),高3発展(標準),1,TOEFLテスト英単語3800,HIGH,8,low_confidence(<60) | weak_evidence:fallback_noun | advanced_stage,,,,,,noun,名詞,prefill_keep_current_noun_margin1_sources1,auto_prefill,done,keep_current_noun_margin1_sources1,True,980
BATCH_04,4,WB009128,phonology,phonology,音韻論,noun,名詞,,noun:1,45,42.42,False,fallback_noun,4,HS_Advanced,高2発展(速習),高3発展(標準),1,話題別英単語リンガメタリカ,HIGH,8,low_confidence(<60) | weak_evidence:fallback_noun | advanced_stage,,,,,,noun,名詞,prefill_keep_current_noun_margin1_sources1,auto_prefill,done,keep_current_noun_margin1_sources1,True,981
BATCH_04,4,WB009121,physiology,physiology,生理学,noun,名詞,,noun:1,45,42.42,False,fallback_noun,4,HS_Advanced,高2発展(速習),高3発展(標準),1,話題別英単語リンガメタリカ,HIGH,8,low_confidence(<60) | weak_evidence:fallback_noun | advanced_stage,,,,,,noun,名詞,prefill_keep_current_noun_margin1_sources1,auto_prefill,done,keep_current_noun_margin1_sources1,True,982
BATCH_04,4,WB009114,pidgin,pidgin,ピジン、混合語,noun,名詞,,noun:1,45,42.42,False,fallback_noun,4,HS_Advanced,高2発展(速習),高3発展(標準),1,話題別英単語リンガメタリカ,HIGH,8,low_confidence(<60) | weak_evidence:fallback_noun | advanced_stage,,,,,,noun,名詞,prefill_keep_current_noun_margin1_sources1,auto_prefill,done,keep_current_noun_margin1_sources1,True,983
BATCH_04,4,WB011774,piling,piling,杭、打ち込む、積み重ねる,noun,名詞,,noun:1,45,42.42,False,fallback_noun,4,HS_Advanced,高3最難関(速習),高3発展(標準),1,TOEFLテスト英単語3800,HIGH,8,low_confidence(<60) | weak_evidence:fallback_noun | advanced_stage,,,,,,noun,名詞,prefill_keep_current_noun_margin1_sources1,auto_prefill,done,keep_current_noun_margin1_sources1,True,984
BATCH_04,4,WB009144,pine,pine,マツ,noun,名詞,,noun:1,45,42.42,False,fallback_noun,4,HS_Advanced,高2発展(速習),高3発展(標準),1,英検準1級単熟語EX 第2版,HIGH,8,low_confidence(<60) | weak_evidence:fallback_noun | advanced_stage,,,,,,noun,名詞,prefill_keep_current_noun_margin1_sources1,auto_prefill,done,keep_current_noun_margin1_sources1,True,985
BATCH_04,4,WB009113,plaque,plaque,プラーク、名板、記念盾,noun,名詞,,noun:1,45,42.42,False,fallback_noun,4,HS_Advanced,高2発展(速習),高3発展(標準),1,TOEIC Gold Phrases 金のフレーズ,HIGH,8,low_confidence(<60) | weak_evidence:fallback_noun | advanced_stage,,,,,,noun,名詞,prefill_keep_current_noun_margin1_sources1,auto_prefill,done,keep_current_noun_margin1_sources1,True,986
BATCH_04,4,WB011749,plateau,plateau,高原,noun,名詞,,noun:1,45,42.42,False,fallback_noun,4,HS_Advanced,高3最難関(速習),高3発展(標準),1,TOEFLテスト英単語3800,HIGH,8,low_confidence(<60) | weak_evidence:fallback_noun | advanced_stage,,,,,,noun,名詞,prefill_keep_current_noun_margin1_sources1,auto_prefill,done,keep_current_noun_margin1_sources1,True,987
BATCH_04,4,WB011732,platitude,platitude,陳腐な言葉、平凡な発言、ありふれた意見,noun,名詞,,noun:1,45,42.42,False,fallback_noun,4,HS_Advanced,高3最難関(速習),高3発展(標準),1,英検 1級 でる順パス単 5訂版,HIGH,8,low_confidence(<60) | weak_evidence:fallback_noun | advanced_stage,,,,,,noun,名詞,prefill_keep_current_noun_margin1_sources1,auto_prefill,done,keep_current_noun_margin1_sources1,True,988
BATCH_04,4,WB011744,plenitude,plenitude,豊富さ、富裕,noun,名詞,,noun:1,45,42.42,False,fallback_noun,4,HS_Advanced,高3最難関(速習),高3発展(標準),1,TOEFLテスト英単語3800,HIGH,8,low_confidence(<60) | weak_evidence:fallback_noun | advanced_stage,,,,,,noun,名詞,prefill_keep_current_noun_margin1_sources1,auto_prefill,done,keep_current_noun_margin1_sources1,True,989
BATCH_04,4,WB011764,plethora,plethora,過剰、余剰、多量,noun,名詞,,noun:1,45,42.42,False,fallback_noun,4,HS_Advanced,高3最難関(速習),高3発展(標準),1,TOEFLテスト英単語3800,HIGH,8,low_confidence(<60) | weak_evidence:fallback_noun | advanced_stage,,,,,,noun,名詞,prefill_keep_current_noun_margin1_sources1,auto_prefill,done,keep_current_noun_margin1_sources1,True,990
BATCH_04,4,WB011759,plywood,plywood,合板,noun,名詞,,noun:1,45,42.42,False,fallback_noun,4,HS_Advanced,高3最難関(速習),高3発展(標準),1,TOEFLテスト英単語3800,HIGH,8,low_confidence(<60) | weak_evidence:fallback_noun | advanced_stage,,,,,,noun,名詞,prefill_keep_current_noun_margin1_sources1,auto_prefill,done,keep_current_noun_margin1_sources1,True,991
BATCH_04,4,WB009079,pneumonia,pneumonia,肺炎,noun,名詞,,noun:1,45,42.42,False,fallback_noun,4,HS_Advanced,高2発展(速習),高3発展(標準),1,話題別英単語リンガメタリカ,HIGH,8,low_confidence(<60) | weak_evidence:fallback_noun | advanced_stage,,,,,,noun,名詞,prefill_keep_current_noun_margin1_sources1,auto_prefill,done,keep_current_noun_margin1_sources1,True,992
BATCH_04,4,WB011727,pod,pod,さや、カプセル、小さな容器,noun,名詞,,noun:1,45,42.42,False,fallback_noun,4,HS_Advanced,高3最難関(速習),高3発展(標準),1,TOEFLテスト英単語3800,HIGH,8,low_confidence(<60) | weak_evidence:fallback_noun | advanced_stage,,,,,,noun,名詞,prefill_keep_current_noun_margin1_sources1,auto_prefill,done,keep_current_noun_margin1_sources1,True,993
BATCH_04,4,WB011762,poise,poise,落ち着き、バランス、平静,noun,名詞,,noun:1,45,42.42,False,fallback_noun,4,HS_Advanced,高3最難関(速習),高3発展(標準),1,TOEFLテスト英単語3800,HIGH,8,low_confidence(<60) | weak_evidence:fallback_noun | advanced_stage,,,,,,noun,名詞,prefill_keep_current_noun_margin1_sources1,auto_prefill,done,keep_current_noun_margin1_sources1,True,994
BATCH_04,4,WB011770,polygon,polygon,多角形,noun,名詞,,noun:1,45,42.42,False,fallback_noun,4,HS_Advanced,高3最難関(速習),高3発展(標準),1,TOEFLテスト英単語3800,HIGH,8,low_confidence(<60) | weak_evidence:fallback_noun | advanced_stage,,,,,,noun,名詞,prefill_keep_current_noun_margin1_sources1,auto_prefill,done,keep_current_noun_margin1_sources1,True,995
BATCH_04,4,WB009123,polygraph,polygraph,ポリグラフ、うそ発見器,noun,名詞,,noun:1,45,42.42,False,fallback_noun,4,HS_Advanced,高2発展(速習),高3発展(標準),1,話題別英単語リンガメタリカ,HIGH,8,low_confidence(<60) | weak_evidence:fallback_noun | advanced_stage,,,,,,noun,名詞,prefill_keep_current_noun_margin1_sources1,auto_prefill,done,keep_current_noun_margin1_sources1,True,996
BATCH_04,4,WB011776,porcelain,porcelain,磁器、陶磁器,noun,名詞,,noun:1,45,42.42,False,fallback_noun,4,HS_Advanced,高3最難関(速習),高3発展(標準),1,TOEFLテスト英単語3800,HIGH,8,low_confidence(<60) | weak_evidence:fallback_noun | advanced_stage,,,,,,noun,名詞,prefill_keep_current_noun_margin1_sources1,auto_prefill,done,keep_current_noun_margin1_sources1,True,997
BATCH_04,4,WB011760,portent,portent,前兆、予兆、しるし,noun,名詞,,noun:1,45,42.42,False,fallback_noun,4,HS_Advanced,高3最難関(速習),高3発展(標準),1,TOEFLテスト英単語3800,HIGH,8,low_confidence(<60) | weak_evidence:fallback_noun | advanced_stage,,,,,,noun,名詞,prefill_keep_current_noun_margin1_sources1,auto_prefill,done,keep_current_noun_margin1_sources1,True,998
BATCH_04,4,WB009103,portfolio,portfolio,ポートフォリオ、資産内訳、作品集,noun,名詞,,noun:1,45,42.42,False,fallback_noun,4,HS_Advanced,高2発展(速習),高3発展(標準),1,TOEIC Gold Phrases 金のフレーズ,HIGH,8,low_confidence(<60) | weak_evidence:fallback_noun | advanced_stage,,,,,,noun,名詞,prefill_keep_current_noun_margin1_sources1,auto_prefill,done,keep_current_noun_margin1_sources1,True,999
BATCH_04,4,WB011724,prawn,prawn,エビ、海老,noun,名詞,,noun:1,45,42.42,False,fallback_noun,4,HS_Advanced,高3最難関(速習),高3発展(標準),1,TOEFLテスト英単語3800,HIGH,8,low_confidence(<60) | weak_evidence:fallback_noun | advanced_stage,,,,,,noun,名詞,prefill_keep_current_noun_margin1_sources1,auto_prefill,done,keep_current_noun_margin1_sources1,True,1000
BATCH_04,4,WB011763,preamble,preamble,序文、前文,noun,名詞,,noun:1,45,42.42,False,fallback_noun,4,HS_Advanced,高3最難関(速習),高3発展(標準),1,TOEFLテスト英単語3800,HIGH,8,low_confidence(<60) | weak_evidence:fallback_noun | advanced_stage,,,,,,noun,名詞,prefill_keep_current_noun_margin1_sources1,auto_prefill,done,keep_current_noun_margin1_sources1,True,1001
BATCH_04,4,WB011709,precedent,precedent,前例、先例、先例となる出来事,noun,名詞,,noun:1,45,42.42,False,fallback_noun,4,HS_Advanced,高3最難関(速習),高3発展(標準),1,英検 1級 でる順パス単 5訂版,HIGH,8,low_confidence(<60) | weak_evidence:fallback_noun | advanced_stage,,,,,,noun,名詞,prefill_keep_current_noun_margin1_sources1,auto_prefill,done,keep_current_noun_margin1_sources1,True,1002
BATCH_04,4,WB011755,precinct,precinct,警察署管轄区域,noun,名詞,,noun:1,45,42.42,False,fallback_noun,4,HS_Advanced,高3最難関(速習),高3発展(標準),1,TOEFLテスト英単語3800,HIGH,8,low_confidence(<60) | weak_evidence:fallback_noun | advanced_stage,,,,,,noun,名詞,prefill_keep_current_noun_margin1_sources1,auto_prefill,done,keep_current_noun_margin1_sources1,True,1003
BATCH_04,4,WB011748,preeminent,preeminent,最も優れた、卓越した,noun,名詞,,noun:1,45,42.42,False,fallback_noun,4,HS_Advanced,高3最難関(速習),高3発展(標準),1,TOEFLテスト英単語3800,HIGH,8,low_confidence(<60) | weak_evidence:fallback_noun | advanced_stage,,,,,,noun,名詞,prefill_keep_current_noun_margin1_sources1,auto_prefill,done,keep_current_noun_margin1_sources1,True,1004
BATCH_04,4,WB011690,prefix,prefix,接頭辞,noun,名詞,,noun:1,45,42.42,False,fallback_noun,4,HS_Advanced,高3最難関(速習),高3発展(標準),1,速読英単語 上級編,HIGH,8,low_confidence(<60) | weak_evidence:fallback_noun | advanced_stage,,,,,,noun,名詞,prefill_keep_current_noun_margin1_sources1,auto_prefill,done,keep_current_noun_margin1_sources1,True,1005
BATCH_04,4,WB011694,pregnancy,pregnancy,妊娠、妊娠期間、懐妊,noun,名詞,,noun:1,45,42.42,False,fallback_noun,4,HS_Advanced,高3最難関(速習),高3発展(標準),1,英検 1級 でる順パス単 5訂版,HIGH,8,low_confidence(<60) | weak_evidence:fallback_noun | advanced_stage,,,,,,noun,名詞,prefill_keep_current_noun_margin1_sources1,auto_prefill,done,keep_current_noun_margin1_sources1,True,1006
BATCH_04,4,WB009097,prejudiced,prejudiced,偏見をもった,noun,名詞,,noun:1,45,42.42,False,fallback_noun,4,HS_Advanced,高2発展(速習),高3発展(標準),1,話題別英単語リンガメタリカ,HIGH,8,low_confidence(<60) | weak_evidence:fallback_noun | advanced_stage,,,,,,noun,名詞,prefill_keep_current_noun_margin1_sources1,auto_prefill,done,keep_current_noun_margin1_sources1,True,1007
BATCH_04,4,WB011701,prelude,prelude,前奏曲、序曲、前兆,noun,名詞,,noun:1,45,42.42,False,fallback_noun,4,HS_Advanced,高3最難関(速習),高3発展(標準),1,TOEFLテスト英単語3800,HIGH,8,low_confidence(<60) | weak_evidence:fallback_noun | advanced_stage,,,,,,noun,名詞,prefill_keep_current_noun_margin1_sources1,auto_prefill,done,keep_current_noun_margin1_sources1,True,1008
BATCH_04,4,WB011682,present-day,present-day,現代の、現在の、今日の,noun,名詞,,noun:1,45,42.42,False,fallback_noun,4,HS_Advanced,高3最難関(速習),高3発展(標準),1,英検 1級 でる順パス単 5訂版,HIGH,8,low_confidence(<60) | weak_evidence:fallback_noun | advanced_stage,,,,,,noun,名詞,prefill_keep_current_noun_margin1_sources1,auto_prefill,done,keep_current_noun_margin1_sources1,True,1009
BATCH_04,4,WB011691,pretense,pretense,見せかけ、ふり、偽り,noun,名詞,,noun:1,45,42.42,False,fallback_noun,4,HS_Advanced,高3最難関(速習),高3発展(標準),1,英検 1級 でる順パス単 5訂版,HIGH,8,low_confidence(<60) | weak_evidence:fallback_noun | advanced_stage,,,,,,noun,名詞,prefill_keep_current_noun_margin1_sources1,auto_prefill,done,keep_current_noun_margin1_sources1,True,1010
BATCH_04,4,WB011686,prewar,prewar,[比較なし] 戦前の；戦前には,noun,名詞,,noun:1,45,42.42,False,fallback_noun,4,HS_Advanced,高3最難関(速習),高3発展(標準),1,速読英単語 上級編,HIGH,8,low_confidence(<60) | weak_evidence:fallback_noun | advanced_stage,,,,,,noun,名詞,prefill_keep_current_noun_margin1_sources1,auto_prefill,done,keep_current_noun_margin1_sources1,True,1011
BATCH_04,4,WB009149,prologue,prologue,プロローグ、序文,noun,名詞,,noun:1,45,42.42,False,fallback_noun,4,HS_Advanced,高2発展(速習),高3発展(標準),1,英検準1級単熟語EX 第2版,HIGH,8,low_confidence(<60) | weak_evidence:fallback_noun | advanced_stage,,,,,,noun,名詞,prefill_keep_current_noun_margin1_sources1,auto_prefill,done,keep_current_noun_margin1_sources1,True,1012
BATCH_04,4,WB009100,psychoanalysis,psychoanalysis,精神分析,noun,名詞,,noun:1,45,42.42,False,fallback_noun,4,HS_Advanced,高2発展(速習),高3発展(標準),1,話題別英単語リンガメタリカ,HIGH,8,low_confidence(<60) | weak_evidence:fallback_noun | advanced_stage,,,,,,noun,名詞,prefill_keep_current_noun_margin1_sources1,auto_prefill,done,keep_current_noun_margin1_sources1,True,1013
BATCH_04,4,WB009117,psychoanalyst,psychoanalyst,精神分析専門医,noun,名詞,,noun:1,45,42.42,False,fallback_noun,4,HS_Advanced,高2発展(速習),高3発展(標準),1,話題別英単語リンガメタリカ,HIGH,8,low_confidence(<60) | weak_evidence:fallback_noun | advanced_stage,,,,,,noun,名詞,prefill_keep_current_noun_margin1_sources1,auto_prefill,done,keep_current_noun_margin1_sources1,True,1014
BATCH_04,4,WB011697,psychopathy,psychopathy,精神病、サイコパス、心の異常,noun,名詞,,noun:1,45,42.42,False,fallback_noun,4,HS_Advanced,高3最難関(速習),高3発展(標準),1,英検 1級 でる順パス単 5訂版,HIGH,8,low_confidence(<60) | weak_evidence:fallback_noun | advanced_stage,,,,,,noun,名詞,prefill_keep_current_noun_margin1_sources1,auto_prefill,done,keep_current_noun_margin1_sources1,True,1015
BATCH_04,4,WB009076,puberty,puberty,思春期,noun,名詞,,noun:1,45,42.42,False,fallback_noun,4,HS_Advanced,高2発展(速習),高3発展(標準),1,話題別英単語リンガメタリカ,HIGH,8,low_confidence(<60) | weak_evidence:fallback_noun | advanced_stage,,,,,,noun,名詞,prefill_keep_current_noun_margin1_sources1,auto_prefill,done,keep_current_noun_margin1_sources1,True,1016
BATCH_04,4,WB011752,pueblo,pueblo,プエブロ族、インディアン居留地,noun,名詞,,noun:1,45,42.42,False,fallback_noun,4,HS_Advanced,高3最難関(速習),高3発展(標準),1,TOEFLテスト英単語3800,HIGH,8,low_confidence(<60) | weak_evidence:fallback_noun | advanced_stage,,,,,,noun,名詞,prefill_keep_current_noun_margin1_sources1,auto_prefill,done,keep_current_noun_margin1_sources1,True,1017
BATCH_04,4,WB009145,pulse,pulse,脈拍、鼓動,noun,名詞,,noun:1,45,42.42,False,fallback_noun,4,HS_Advanced,高2発展(速習),高3発展(標準),1,英検準1級単熟語EX 第2版,HIGH,8,low_confidence(<60) | weak_evidence:fallback_noun | advanced_stage,,,,,,noun,名詞,prefill_keep_current_noun_margin1_sources1,auto_prefill,done,keep_current_noun_margin1_sources1,True,1018
BATCH_04,4,WB011715,pundit,pundit,評論家、専門家、権威,noun,名詞,,noun:1,45,42.42,False,fallback_noun,4,HS_Advanced,高3最難関(速習),高3発展(標準),1,英検 1級 でる順パス単 5訂版,HIGH,8,low_confidence(<60) | weak_evidence:fallback_noun | advanced_stage,,,,,,noun,名詞,prefill_keep_current_noun_margin1_sources1,auto_prefill,done,keep_current_noun_margin1_sources1,True,1019
BATCH_04,4,WB011733,pupa,pupa,さなぎ、蛹,noun,名詞,,noun:1,45,42.42,False,fallback_noun,4,HS_Advanced,高3最難関(速習),高3発展(標準),1,TOEFLテスト英単語3800,HIGH,8,low_confidence(<60) | weak_evidence:fallback_noun | advanced_stage,,,,,,noun,名詞,prefill_keep_current_noun_margin1_sources1,auto_prefill,done,keep_current_noun_margin1_sources1,True,1020
BATCH_04,4,WB009124,pupils,pupils,瞳孔,noun,名詞,,noun:1,45,42.42,False,fallback_noun,4,HS_Advanced,高2発展(速習),高3発展(標準),1,話題別英単語リンガメタリカ,HIGH,8,low_confidence(<60) | weak_evidence:fallback_noun | advanced_stage,,,,,,noun,名詞,prefill_keep_current_noun_margin1_sources1,auto_prefill,done,keep_current_noun_margin1_sources1,True,1021
BATCH_04,4,WB011761,purport,purport,目的、趣旨、主旨,noun,名詞,,noun:1,45,42.42,False,fallback_noun,4,HS_Advanced,高3最難関(速習),高3発展(標準),1,TOEFLテスト英単語3800,HIGH,8,low_confidence(<60) | weak_evidence:fallback_noun | advanced_stage,,,,,,noun,名詞,prefill_keep_current_noun_margin1_sources1,auto_prefill,done,keep_current_noun_margin1_sources1,True,1022
BATCH_04,4,WB011679,pyramid,pyramid,ピラミッド、階層構造、金字塔,noun,名詞,,noun:1,45,42.42,False,fallback_noun,4,HS_Advanced,高3最難関(速習),高3発展(標準),1,英検 1級 でる順パス単 5訂版,HIGH,8,low_confidence(<60) | weak_evidence:fallback_noun | advanced_stage,,,,,,noun,名詞,prefill_keep_current_noun_margin1_sources1,auto_prefill,done,keep_current_noun_margin1_sources1,True,1023
BATCH_04,4,WB011767,pyrite,pyrite,黄鉄鉱,noun,名詞,,noun:1,45,42.42,False,fallback_noun,4,HS_Advanced,高3最難関(速習),高3発展(標準),1,TOEFLテスト英単語3800,HIGH,8,low_confidence(<60) | weak_evidence:fallback_noun | advanced_stage,,,,,,noun,名詞,prefill_keep_current_noun_margin1_sources1,auto_prefill,done,keep_current_noun_margin1_sources1,True,1024
BATCH_04,4,WB009152,qualia,qualia,クオリア,noun,名詞,,noun:1,45,42.42,False,fallback_noun,4,HS_Advanced,高2発展(速習),高3発展(標準),1,話題別英単語リンガメタリカ,HIGH,8,low_confidence(<60) | weak_evidence:fallback_noun | advanced_stage,,,,,,noun,名詞,prefill_keep_current_noun_margin1_sources1,auto_prefill,done,keep_current_noun_margin1_sources1,True,1025
BATCH_04,4,WB011778,quandary,quandary,難局、窮地、ジレンマ,noun,名詞,,noun:1,45,42.42,False,fallback_noun,4,HS_Advanced,高3最難関(速習),高3発展(標準),1,英検 1級 でる順パス単 5訂版,HIGH,8,low_confidence(<60) | weak_evidence:fallback_noun | advanced_stage,,,,,,noun,名詞,prefill_keep_current_noun_margin1_sources1,auto_prefill,done,keep_current_noun_margin1_sources1,True,1026
BATCH_04,4,WB011779,quarry,quarry,採石場、石切り場,noun,名詞,,noun:1,45,42.42,False,fallback_noun,4,HS_Advanced,高3最難関(速習),高3発展(標準),1,TOEFLテスト英単語3800,HIGH,8,low_confidence(<60) | weak_evidence:fallback_noun | advanced_stage,,,,,,noun,名詞,prefill_keep_current_noun_margin1_sources1,auto_prefill,done,keep_current_noun_margin1_sources1,True,1027
BATCH_04,4,WB009153,quick-fix,quick-fix,一時しのぎの,noun,名詞,,noun:1,45,42.42,False,fallback_noun,4,HS_Advanced,高2発展(速習),高3発展(標準),1,話題別英単語リンガメタリカ,HIGH,8,low_confidence(<60) | weak_evidence:fallback_noun | advanced_stage,,,,,,noun,名詞,prefill_keep_current_noun_margin1_sources1,auto_prefill,done,keep_current_noun_margin1_sources1,True,1028
BATCH_04,4,WB011777,quirk,quirk,奇癖、癖、風変わりな行動,noun,名詞,,noun:1,45,42.42,False,fallback_noun,4,HS_Advanced,高3最難関(速習),高3発展(標準),1,英検 1級 でる順パス単 5訂版,HIGH,8,low_confidence(<60) | weak_evidence:fallback_noun | advanced_stage,,,,,,noun,名詞,prefill_keep_current_noun_margin1_sources1,auto_prefill,done,keep_current_noun_margin1_sources1,True,1029
BATCH_04,4,WB011783,radar,radar,レーダー、電波探知機、探知システム,noun,名詞,,noun:1,45,42.42,False,fallback_noun,4,HS_Advanced,高3最難関(速習),高3発展(標準),1,英検 1級 でる順パス単 5訂版,HIGH,8,low_confidence(<60) | weak_evidence:fallback_noun | advanced_stage,,,,,,noun,名詞,prefill_keep_current_noun_margin1_sources1,auto_prefill,done,keep_current_noun_margin1_sources1,True,1030
BATCH_04,4,WB009174,raffle,raffle,抽選、富くじ、募金活動,noun,名詞,,noun:1,45,42.42,False,fallback_noun,4,HS_Advanced,高2発展(速習),高3発展(標準),1,TOEIC Gold Phrases 金のフレーズ,HIGH,8,low_confidence(<60) | weak_evidence:fallback_noun | advanced_stage,,,,,,noun,名詞,prefill_keep_current_noun_margin1_sources1,auto_prefill,done,keep_current_noun_margin1_sources1,True,1031
BATCH_04,4,WB009169,rafting,rafting,川下り,noun,名詞,,noun:1,45,42.42,False,fallback_noun,4,HS_Advanced,高2発展(速習),高3発展(標準),1,TOEIC Gold Phrases 金のフレーズ,HIGH,8,low_confidence(<60) | weak_evidence:fallback_noun | advanced_stage,,,,,,noun,名詞,prefill_keep_current_noun_margin1_sources1,auto_prefill,done,keep_current_noun_margin1_sources1,True,1032
BATCH_04,4,WB011847,ragtime,ragtime,ラグタイム、だらっとした時間,noun,名詞,,noun:1,45,42.42,False,fallback_noun,4,HS_Advanced,高3最難関(速習),高3発展(標準),1,TOEFLテスト英単語3800,HIGH,8,low_confidence(<60) | weak_evidence:fallback_noun | advanced_stage,,,,,,noun,名詞,prefill_keep_current_noun_margin1_sources1,auto_prefill,done,keep_current_noun_margin1_sources1,True,1033
BATCH_04,4,WB009194,ram,ram,雄羊,noun,名詞,,noun:1,45,42.42,False,fallback_noun,4,HS_Advanced,高2発展(速習),高3発展(標準),1,英検準1級単熟語EX 第2版,HIGH,8,low_confidence(<60) | weak_evidence:fallback_noun | advanced_stage,,,,,,noun,名詞,prefill_keep_current_noun_margin1_sources1,auto_prefill,done,keep_current_noun_margin1_sources1,True,1034
BATCH_04,4,WB011817,rapport,rapport,良好な関係、一致、つながり,noun,名詞,,noun:1,45,42.42,False,fallback_noun,4,HS_Advanced,高3最難関(速習),高3発展(標準),1,英検 1級 でる順パス単 5訂版,HIGH,8,low_confidence(<60) | weak_evidence:fallback_noun | advanced_stage,,,,,,noun,名詞,prefill_keep_current_noun_margin1_sources1,auto_prefill,done,keep_current_noun_margin1_sources1,True,1035
BATCH_04,4,WB009199,rating,rating,評価、格付け,noun,名詞,,noun:1,45,42.42,False,fallback_noun,4,HS_Advanced,高2発展(速習),高3発展(標準),1,英検準1級単熟語EX 第2版,HIGH,8,low_confidence(<60) | weak_evidence:fallback_noun | advanced_stage,,,,,,noun,名詞,prefill_keep_current_noun_margin1_sources1,auto_prefill,done,keep_current_noun_margin1_sources1,True,1036
